timestamp_ms,elapsed_s,raw_line,state,pot,vbus,duty,step,tp,zc_count,synced,missed,bemf_a,bemf_b,bemf_c,dc1,io1,io2,io3,ic_accepted,ic_lcout_accepted,ic_false,ic_captures,ic_chatter,tp_hr,zc_interval,zc_interval_hr,prev_zc_interval,ic_phase,forced_steps,erpm,duty_pct_x10,fault_code,d_ic_accepted,d_ic_lcout_accepted,d_ic_false,d_ic_captures,d_ic_chatter,ic_accept_rate,ic_false_rate
1773730317056,0.407,S:CL P:0 V:14288 D:999 St:0 Tp:677 ZC:3 --- Miss:0 B:100 DC1:999 IO:0000/3400/3000 FP:43051/BK:2/3 Cyc:51768 TpHR:18246 ZcI:417 ZcIHR:32562 PZcI:560 Ph:0 FL:8 Frc:2 eRPM:856 D%:99,CL,0,14288,999,0,677,3,0,0,1,0,0,999,0,13312,12288,,,,,,18246,417,32562,560,,2,856,99,,0,0,0,0,0,,
1773730317100,0.451,S:CL P:0 V:14304 D:999 St:4 Tp:740 ZC:2 --- Miss:0 B:100 DC1:999 IO:3000/0000/3400 FP:43053/BK:2/3 Cyc:58295 TpHR:18246 ZcI:560 ZcIHR:43797 PZcI:1808 Ph:0 FL:8 Frc:1 eRPM:856 D%:99,CL,0,14304,999,4,740,2,0,0,1,0,0,999,12288,0,13312,,,,,,18246,560,43797,1808,,1,856,99,,0,0,0,0,0,,
1773730317200,0.551,S:CL P:0 V:14320 D:999 St:3 Tp:800 ZC:0 --- Miss:3 B:100 DC1:999 IO:3400/0000/3000 FP:43055/BK:2/3 Cyc:826 TpHR:18246 ZcI:1808 ZcIHR:32562 PZcI:417 Ph:2 FL:8 Frc:0 eRPM:856 D%:99,CL,0,14320,999,3,800,0,0,3,1,0,0,999,13312,0,12288,,,,,,18246,1808,32562,417,,0,856,99,,0,0,0,0,0,,
1773730317299,0.65,S:CL P:0 V:14320 D:999 St:1 Tp:761 ZC:1 --- Miss:1 B:100 DC1:999 IO:3000/3400/0000 FP:43057/BK:2/3 Cyc:6132 TpHR:18246 ZcI:417 ZcIHR:32562 PZcI:560 Ph:1 FL:8 Frc:3 eRPM:856 D%:99,CL,0,14320,999,1,761,1,0,1,1,0,0,999,12288,13312,0,,,,,,18246,417,32562,560,,3,856,99,,0,0,0,0,0,,
1773730317399,0.75,S:CL P:0 V:14288 D:999 St:5 Tp:677 ZC:3 --- Miss:0 B:100 DC1:999 IO:0000/3400/3000 FP:43060/BK:2/3 Cyc:11082 TpHR:18246 ZcI:417 ZcIHR:32562 PZcI:560 Ph:1 FL:8 Frc:1 eRPM:856 D%:99,CL,0,14288,999,5,677,3,0,0,1,0,0,999,0,13312,12288,,,,,,18246,417,32562,560,,1,856,99,,0,0,0,0,0,,
1773730317499,0.85,S:CL P:0 V:14304 D:999 St:3 Tp:800 ZC:1 --- Miss:0 B:100 DC1:999 IO:3000/0000/3400 FP:43061/BK:2/3 Cyc:19087 TpHR:18246 ZcI:1808 ZcIHR:32562 PZcI:1808 Ph:2 FL:8 Frc:0 eRPM:856 D%:99,CL,0,14304,999,3,800,1,0,0,1,0,0,999,12288,0,13312,,,,,,18246,1808,32562,1808,,0,856,99,,0,0,0,0,0,,
1773730317598,0.949,S:CL P:0 V:14304 D:999 St:2 Tp:800 ZC:0 --- Miss:2 B:100 DC1:999 IO:3400/3000/0000 FP:43063/BK:2/3 Cyc:26032 TpHR:18246 ZcI:417 ZcIHR:32563 PZcI:560 Ph:1 FL:8 Frc:3 eRPM:856 D%:99,CL,0,14304,999,2,800,0,0,2,1,0,0,999,13312,12288,0,,,,,,18246,417,32563,560,,3,856,99,,0,0,0,0,0,,
1773730317698,1.049,S:CL P:0 V:14288 D:999 St:0 Tp:677 ZC:3 --- Miss:0 B:100 DC1:999 IO:0000/3400/3000 FP:43066/BK:2/3 Cyc:30982 TpHR:18246 ZcI:417 ZcIHR:32563 PZcI:560 Ph:1 FL:8 Frc:2 eRPM:856 D%:99,CL,0,14288,999,0,677,3,0,0,1,0,0,999,0,13312,12288,,,,,,18246,417,32563,560,,2,856,99,,0,0,0,0,0,,
1773730317797,1.148,S:CL P:0 V:14304 D:999 St:4 Tp:740 ZC:2 --- Miss:0 B:100 DC1:999 IO:3000/0000/3400 FP:43068/BK:2/3 Cyc:37145 TpHR:18246 ZcI:560 ZcIHR:32563 PZcI:560 Ph:2 FL:8 Frc:0 eRPM:856 D%:99,CL,0,14304,999,4,740,2,0,0,1,0,0,999,12288,0,13312,,,,,,18246,560,32563,560,,0,856,99,,0,0,0,0,0,,
1773730317897,1.248,S:CL P:0 V:14320 D:999 St:3 Tp:800 ZC:1 --- Miss:0 B:100 DC1:999 IO:3400/0000/3000 FP:43070/BK:2/3 Cyc:45201 TpHR:18246 ZcI:1808 ZcIHR:32563 PZcI:417 Ph:2 FL:8 Frc:0 eRPM:856 D%:99,CL,0,14320,999,3,800,1,0,0,1,0,0,999,13312,0,12288,,,,,,18246,1808,32563,417,,0,856,99,,0,0,0,0,0,,
1773730317996,1.347,S:CL P:0 V:14304 D:999 St:1 Tp:761 ZC:1 --- Miss:1 B:100 DC1:999 IO:3000/3400/0000 FP:43072/BK:2/3 Cyc:50882 TpHR:18246 ZcI:417 ZcIHR:32563 PZcI:560 Ph:0 FL:8 Frc:3 eRPM:856 D%:99,CL,0,14304,999,1,761,1,0,1,1,0,0,999,12288,13312,0,,,,,,18246,417,32563,560,,3,856,99,,0,0,0,0,0,,
1773730318096,1.447,S:CL P:0 V:14304 D:999 St:0 Tp:677 ZC:3 --- Miss:0 B:100 DC1:999 IO:0000/3400/3000 FP:43075/BK:2/3 Cyc:55832 TpHR:18246 ZcI:417 ZcIHR:32562 PZcI:560 Ph:1 FL:8 Frc:1 eRPM:856 D%:99,CL,0,14304,999,0,677,3,0,0,1,0,0,999,0,13312,12288,,,,,,18246,417,32562,560,,1,856,99,,0,0,0,0,0,,
1773730318195,1.547,S:CL P:0 V:14320 D:999 St:4 Tp:800 ZC:1 --- Miss:0 B:100 DC1:999 IO:3000/0000/3400 FP:43076/BK:2/3 Cyc:63759 TpHR:18246 ZcI:560 ZcIHR:43797 PZcI:1808 Ph:2 FL:8 Frc:0 eRPM:856 D%:99,CL,0,14320,999,4,800,1,0,0,1,0,0,999,12288,0,13312,,,,,,18246,560,43797,1808,,0,856,99,,0,0,0,0,0,,
1773730318295,1.646,S:CL P:0 V:14288 D:999 St:2 Tp:800 ZC:0 --- Miss:2 B:100 DC1:999 IO:3400/3000/0000 FP:43078/BK:2/3 Cyc:5246 TpHR:18246 ZcI:417 ZcIHR:32562 PZcI:560 Ph:0 FL:8 Frc:4 eRPM:856 D%:99,CL,0,14288,999,2,800,0,0,2,1,0,0,999,13312,12288,0,,,,,,18246,417,32562,560,,4,856,99,,0,0,0,0,0,,
1773730318394,1.746,S:CL P:0 V:14320 D:999 St:0 Tp:677 ZC:3 --- Miss:1 B:100 DC1:999 IO:3000/3400/0000 FP:43081/BK:2/3 Cyc:10196 TpHR:18246 ZcI:417 ZcIHR:32562 PZcI:560 Ph:1 FL:8 Frc:2 eRPM:856 D%:99,CL,0,14320,999,0,677,3,0,1,1,0,0,999,12288,13312,0,,,,,,18246,417,32562,560,,2,856,99,,0,0,0,0,0,,
1773730318494,1.845,S:CL P:0 V:14304 D:999 St:4 Tp:740 ZC:2 --- Miss:0 B:100 DC1:999 IO:0000/3000/3400 FP:43083/BK:2/3 Cyc:16215 TpHR:18246 ZcI:417 ZcIHR:32562 PZcI:560 Ph:2 FL:8 Frc:0 eRPM:856 D%:99,CL,0,14304,999,4,740,2,0,0,1,0,0,999,0,12288,13312,,,,,,18246,417,32562,560,,0,856,99,,0,0,0,0,0,,
1773730318594,1.945,S:CL P:0 V:14320 D:999 St:3 Tp:800 ZC:1 --- Miss:0 B:100 DC1:999 IO:3400/0000/3000 FP:43085/BK:2/3 Cyc:24040 TpHR:18246 ZcI:1808 ZcIHR:32562 PZcI:417 Ph:2 FL:8 Frc:0 eRPM:856 D%:99,CL,0,14320,999,3,800,1,0,0,1,0,0,999,13312,0,12288,,,,,,18246,1808,32562,417,,0,856,99,,0,0,0,0,0,,
1773730318693,2.044,S:CL P:0 V:14304 D:999 St:1 Tp:761 ZC:1 --- Miss:1 B:100 DC1:999 IO:3400/3000/0000 FP:43087/BK:2/3 Cyc:30096 TpHR:18246 ZcI:417 ZcIHR:32563 PZcI:560 Ph:0 FL:8 Frc:3 eRPM:856 D%:99,CL,0,14304,999,1,761,1,0,1,1,0,0,999,13312,12288,0,,,,,,18246,417,32563,560,,3,856,99,,0,0,0,0,0,,
1773730318793,2.144,S:CL P:0 V:14288 D:999 St:0 Tp:677 ZC:3 --- Miss:0 B:100 DC1:999 IO:0000/3400/3000 FP:43090/BK:2/3 Cyc:35046 TpHR:18246 ZcI:417 ZcIHR:32563 PZcI:560 Ph:1 FL:8 Frc:1 eRPM:856 D%:99,CL,0,14288,999,0,677,3,0,0,1,0,0,999,0,13312,12288,,,,,,18246,417,32563,560,,1,856,99,,0,0,0,0,0,,
1773730318892,2.244,S:CL P:0 V:14320 D:999 St:4 Tp:800 ZC:1 --- Miss:0 B:100 DC1:999 IO:3000/0000/3400 FP:43092/BK:2/3 Cyc:42598 TpHR:18246 ZcI:560 ZcIHR:43797 PZcI:1808 Ph:2 FL:8 Frc:0 eRPM:856 D%:99,CL,0,14320,999,4,800,1,0,0,1,0,0,999,12288,0,13312,,,,,,18246,560,43797,1808,,0,856,99,,0,0,0,0,0,,
1773730318992,2.343,S:CL P:0 V:14304 D:999 St:2 Tp:800 ZC:0 --- Miss:2 B:100 DC1:999 IO:3400/3000/0000 FP:43093/BK:2/3 Cyc:49996 TpHR:18246 ZcI:417 ZcIHR:32563 PZcI:560 Ph:0 FL:8 Frc:4 eRPM:856 D%:99,CL,0,14304,999,2,800,0,0,2,1,0,0,999,13312,12288,0,,,,,,18246,417,32563,560,,4,856,99,,0,0,0,0,0,,
1773730319091,2.442,S:CL P:0 V:14320 D:999 St:1 Tp:761 ZC:1 --- Miss:1 B:100 DC1:999 IO:3000/3400/0000 FP:43096/BK:2/3 Cyc:54946 TpHR:18246 ZcI:417 ZcIHR:32563 PZcI:560 Ph:1 FL:8 Frc:2 eRPM:856 D%:99,CL,0,14320,999,1,761,1,0,1,1,0,0,999,12288,13312,0,,,,,,18246,417,32563,560,,2,856,99,,0,0,0,0,0,,
1773730319191,2.542,S:CL P:0 V:14304 D:999 St:5 Tp:740 ZC:2 --- Miss:0 B:100 DC1:999 IO:0000/3000/3400 FP:43099/BK:2/3 Cyc:60590 TpHR:18246 ZcI:417 ZcIHR:32562 PZcI:560 Ph:2 FL:8 Frc:0 eRPM:856 D%:99,CL,0,14304,999,5,740,2,0,0,1,0,0,999,0,12288,13312,,,,,,18246,417,32562,560,,0,856,99,,0,0,0,0,0,,
1773730319291,2.642,S:CL P:0 V:14304 D:999 St:3 Tp:800 ZC:1 --- Miss:0 B:100 DC1:999 IO:3400/0000/3000 FP:43100/BK:2/3 Cyc:2879 TpHR:18246 ZcI:1808 ZcIHR:32562 PZcI:417 Ph:2 FL:8 Frc:1 eRPM:856 D%:99,CL,0,14304,999,3,800,1,0,0,1,0,0,999,13312,0,12288,,,,,,18246,1808,32562,417,,1,856,99,,0,0,0,0,0,,
1773730319390,2.741,S:CL P:0 V:14320 D:999 St:2 Tp:800 ZC:0 --- Miss:2 B:100 DC1:999 IO:3400/3000/0000 FP:43102/BK:2/3 Cyc:9310 TpHR:18246 ZcI:417 ZcIHR:32562 PZcI:560 Ph:1 FL:8 Frc:3 eRPM:856 D%:99,CL,0,14320,999,2,800,0,0,2,1,0,0,999,13312,12288,0,,,,,,18246,417,32562,560,,3,856,99,,0,0,0,0,0,,
1773730319490,2.841,S:CL P:0 V:14288 D:999 St:0 Tp:677 ZC:3 --- Miss:0 B:100 DC1:999 IO:0000/3400/3000 FP:43105/BK:2/3 Cyc:14260 TpHR:18246 ZcI:417 ZcIHR:32562 PZcI:560 Ph:1 FL:8 Frc:1 eRPM:856 D%:99,CL,0,14288,999,0,677,3,0,0,1,0,0,999,0,13312,12288,,,,,,18246,417,32562,560,,1,856,99,,0,0,0,0,0,,
1773730319589,2.94,S:CL P:0 V:14304 D:999 St:4 Tp:740 ZC:2 --- Miss:0 B:100 DC1:999 IO:3000/0000/3400 FP:43107/BK:2/3 Cyc:21437 TpHR:18246 ZcI:560 ZcIHR:43797 PZcI:1808 Ph:2 FL:8 Frc:0 eRPM:856 D%:99,CL,0,14304,999,4,740,2,0,0,1,0,0,999,12288,0,13312,,,,,,18246,560,43797,1808,,0,856,99,,0,0,0,0,0,,
1773730319689,3.04,S:CL P:0 V:14304 D:999 St:2 Tp:800 ZC:0 --- Miss:3 B:100 DC1:999 IO:3400/0000/3000 FP:43108/BK:2/3 Cyc:29210 TpHR:18246 ZcI:417 ZcIHR:32562 PZcI:417 Ph:2 FL:8 Frc:0 eRPM:856 D%:99,CL,0,14304,999,2,800,0,0,3,1,0,0,999,13312,0,12288,,,,,,18246,417,32562,417,,0,856,99,,0,0,0,0,0,,
1773730319788,3.139,S:CL P:0 V:14304 D:999 St:1 Tp:761 ZC:1 --- Miss:1 B:100 DC1:999 IO:3000/3400/0000 FP:43111/BK:2/3 Cyc:34160 TpHR:18246 ZcI:417 ZcIHR:32563 PZcI:560 Ph:1 FL:8 Frc:2 eRPM:856 D%:99,CL,0,14304,999,1,761,1,0,1,1,0,0,999,12288,13312,0,,,,,,18246,417,32563,560,,2,856,99,,0,0,0,0,0,,
1773730319888,3.239,S:CL P:0 V:14304 D:999 St:5 Tp:677 ZC:3 --- Miss:0 B:100 DC1:999 IO:0000/3000/3400 FP:43114/BK:2/3 Cyc:39429 TpHR:18246 ZcI:417 ZcIHR:32563 PZcI:560 Ph:0 FL:8 Frc:1 eRPM:856 D%:99,CL,0,14304,999,5,677,3,0,0,1,0,0,999,0,12288,13312,,,,,,18246,417,32563,560,,1,856,99,,0,0,0,0,0,,
1773730319987,3.338,S:CL P:0 V:14304 D:999 St:3 Tp:800 ZC:1 --- Miss:0 B:100 DC1:999 IO:3400/0000/3000 FP:43115/BK:2/3 Cyc:47254 TpHR:18246 ZcI:1808 ZcIHR:32563 PZcI:417 Ph:0 FL:8 Frc:1 eRPM:856 D%:99,CL,0,14304,999,3,800,1,0,0,1,0,0,999,13312,0,12288,,,,,,18246,1808,32563,417,,1,856,99,,0,0,0,0,0,,
1773730320087,3.438,S:CL P:0 V:14320 D:999 St:2 Tp:800 ZC:0 --- Miss:2 B:100 DC1:999 IO:3400/3000/0000 FP:43117/BK:2/3 Cyc:54060 TpHR:18246 ZcI:417 ZcIHR:32563 PZcI:560 Ph:1 FL:8 Frc:3 eRPM:856 D%:99,CL,0,14320,999,2,800,0,0,2,1,0,0,999,13312,12288,0,,,,,,18246,417,32563,560,,3,856,99,,0,0,0,0,0,,
1773730320186,3.537,S:CL P:0 V:14320 D:999 St:0 Tp:677 ZC:3 --- Miss:0 B:100 DC1:999 IO:0000/3400/3000 FP:43120/BK:2/3 Cyc:59010 TpHR:18246 ZcI:417 ZcIHR:32563 PZcI:560 Ph:1 FL:8 Frc:2 eRPM:856 D%:99,CL,0,14320,999,0,677,3,0,0,1,0,0,999,0,13312,12288,,,,,,18246,417,32563,560,,2,856,99,,0,0,0,0,0,,
1773730320286,3.637,S:CL P:0 V:14288 D:999 St:4 Tp:740 ZC:2 --- Miss:0 B:100 DC1:999 IO:3000/0000/3400 FP:43122/BK:2/3 Cyc:276 TpHR:18246 ZcI:560 ZcIHR:43797 PZcI:1808 Ph:2 FL:8 Frc:0 eRPM:856 D%:99,CL,0,14288,999,4,740,2,0,0,1,0,0,999,12288,0,13312,,,,,,18246,560,43797,1808,,0,856,99,,0,0,0,0,0,,
1773730320386,3.737,S:CL P:0 V:14304 D:999 St:3 Tp:800 ZC:0 --- Miss:3 B:100 DC1:999 IO:3400/0000/3000 FP:43123/BK:2/3 Cyc:8343 TpHR:18246 ZcI:1808 ZcIHR:32562 PZcI:417 Ph:2 FL:8 Frc:0 eRPM:856 D%:99,CL,0,14304,999,3,800,0,0,3,1,0,0,999,13312,0,12288,,,,,,18246,1808,32562,417,,0,856,99,,0,0,0,0,0,,
1773730320485,3.836,S:CL P:0 V:14320 D:999 St:1 Tp:761 ZC:1 --- Miss:1 B:100 DC1:999 IO:3000/3400/0000 FP:43126/BK:2/3 Cyc:13374 TpHR:18246 ZcI:417 ZcIHR:32562 PZcI:560 Ph:1 FL:8 Frc:2 eRPM:856 D%:99,CL,0,14320,999,1,761,1,0,1,1,0,0,999,12288,13312,0,,,,,,18246,417,32562,560,,2,856,99,,0,0,0,0,0,,
1773730320585,3.936,S:CL P:0 V:14304 D:999 St:5 Tp:677 ZC:3 --- Miss:0 B:100 DC1:999 IO:0000/3000/3400 FP:43129/BK:2/3 Cyc:18324 TpHR:18246 ZcI:417 ZcIHR:32562 PZcI:560 Ph:1 FL:8 Frc:1 eRPM:856 D%:99,CL,0,14304,999,5,677,3,0,0,1,0,0,999,0,12288,13312,,,,,,18246,417,32562,560,,1,856,99,,0,0,0,0,0,,
1773730320684,4.035,S:CL P:0 V:14304 D:999 St:3 Tp:800 ZC:1 --- Miss:0 B:100 DC1:999 IO:3400/0000/3400 FP:43130/BK:2/3 Cyc:26329 TpHR:18246 ZcI:1808 ZcIHR:32562 PZcI:417 Ph:0 FL:8 Frc:1 eRPM:856 D%:99,CL,0,14304,999,3,800,1,0,0,1,0,0,999,13312,0,13312,,,,,,18246,1808,32562,417,,1,856,99,,0,0,0,0,0,,
1773730320784,4.135,S:CL P:0 V:14304 D:999 St:2 Tp:800 ZC:0 --- Miss:2 B:100 DC1:999 IO:3400/3000/0000 FP:43132/BK:2/3 Cyc:33274 TpHR:18246 ZcI:417 ZcIHR:32562 PZcI:560 Ph:1 FL:8 Frc:3 eRPM:856 D%:99,CL,0,14304,999,2,800,0,0,2,1,0,0,999,13312,12288,0,,,,,,18246,417,32562,560,,3,856,99,,0,0,0,0,0,,
1773730321045,4.396,S:IDLE P:0 V:14176 D:0 St:5,IDLE,0,14176,0,5,,,,,,,,,,,,,,,,,,,,,,,,,,0,0,0,0,0,,
1773730321145,4.496,S:IDLE P:0 V:14176 D:0 St:5,IDLE,0,14176,0,5,,,,,,,,,,,,,,,,,,,,,,,,,,0,0,0,0,0,,
1773730321244,4.595,S:IDLE P:0 V:14176 D:0 St:5,IDLE,0,14176,0,5,,,,,,,,,,,,,,,,,,,,,,,,,,0,0,0,0,0,,
1773730321344,4.695,S:IDLE P:0 V:14176 D:0 St:5,IDLE,0,14176,0,5,,,,,,,,,,,,,,,,,,,,,,,,,,0,0,0,0,0,,
1773730321444,4.795,S:IDLE P:0 V:14176 D:0 St:5,IDLE,0,14176,0,5,,,,,,,,,,,,,,,,,,,,,,,,,,0,0,0,0,0,,
1773730321543,4.894,S:IDLE P:0 V:14176 D:0 St:5,IDLE,0,14176,0,5,,,,,,,,,,,,,,,,,,,,,,,,,,0,0,0,0,0,,
1773730321643,4.994,S:IDLE P:0 V:14160 D:0 St:5,IDLE,0,14160,0,5,,,,,,,,,,,,,,,,,,,,,,,,,,0,0,0,0,0,,
1773730321742,5.093,S:IDLE P:0 V:14160 D:0 St:5,IDLE,0,14160,0,5,,,,,,,,,,,,,,,,,,,,,,,,,,0,0,0,0,0,,
1773730321842,5.193,S:IDLE P:0 V:14176 D:0 St:5,IDLE,0,14176,0,5,,,,,,,,,,,,,,,,,,,,,,,,,,0,0,0,0,0,,
1773730322416,5.767,S:OL_RAMP P:0 V:14192 D:592 St:3 Tp:297 ZC:11 SYN Miss:0 B:111 DC1:592 IO:3400/0000/3000 FP:0/BK:0/0 Cyc:0 TpHR:0 ZcI:166 ZcIHR:0 PZcI:219 Ph:2 FL:8 Frc:0 eRPM:634 D%:64,OL_RAMP,0,14192,592,3,297,11,1,0,1,1,1,592,13312,0,12288,,,,,,0,166,0,219,,0,634,64,,0,0,0,0,0,,
1773730322516,5.867,S:OL_RAMP P:0 V:14112 D:886 St:0 Tp:224 ZC:22 SYN Miss:0 B:011 DC1:886 IO:3000/3000/0000 FP:0/BK:0/0 Cyc:0 TpHR:0 ZcI:164 ZcIHR:0 PZcI:128 Ph:2 FL:8 Frc:1 eRPM:803 D%:93,OL_RAMP,0,14112,886,0,224,22,1,0,0,1,1,886,12288,12288,0,,,,,,0,164,0,128,,1,803,93,,0,0,0,0,0,,
1773730322616,5.967,S:OL_RAMP P:0 V:13968 D:1278 St:4 Tp:204 ZC:37 SYN Miss:0 B:101 DC1:1278 IO:0000/3000/3400 FP:0/BK:0/0 Cyc:0 TpHR:0 ZcI:89 ZcIHR:0 PZcI:97 Ph:2 FL:8 Frc:2 eRPM:865 D%:132,OL_RAMP,0,13968,1278,4,204,37,1,0,1,0,1,1278,0,12288,13312,,,,,,0,89,0,97,,2,865,132,,0,0,0,0,0,,
1773730322716,6.067,S:OL_RAMP P:0 V:13872 D:1666 St:0 Tp:147 ZC:57 SYN Miss:0 B:001 DC1:1666 IO:3400/3000/0000 FP:0/BK:0/0 Cyc:0 TpHR:0 ZcI:50 ZcIHR:0 PZcI:50 Ph:2 FL:8 Frc:1 eRPM:1481 D%:166,OL_RAMP,0,13872,1666,0,147,57,1,0,0,0,1,1666,13312,12288,0,,,,,,0,50,0,50,,1,1481,166,,0,0,0,0,0,,
1773730322815,6.167,S:OL_RAMP P:0 V:13792 D:1666 St:5 Tp:121 ZC:90 SYN Miss:0 B:101 DC1:1666 IO:0000/3400/0000 FP:0/BK:0/0 Cyc:0 TpHR:0 ZcI:57 ZcIHR:0 PZcI:57 Ph:2 FL:8 Frc:1 eRPM:1680 D%:166,OL_RAMP,0,13792,1666,5,121,90,1,0,1,0,1,1666,0,13312,0,,,,,,0,57,0,57,,1,1680,166,,0,0,0,0,0,,
1773730322915,6.266,S:OL_RAMP P:0 V:13824 D:1666 St:1 Tp:120 ZC:128 SYN Miss:0 B:010 DC1:1666 IO:3400/0000/3000 FP:0/BK:0/0 Cyc:0 TpHR:0 ZcI:47 ZcIHR:0 PZcI:47 Ph:2 FL:8 Frc:0 eRPM:1980 D%:166,OL_RAMP,0,13824,1666,1,120,128,1,0,0,1,0,1666,13312,0,12288,,,,,,0,47,0,47,,0,1980,166,,0,0,0,0,0,,
1773730323015,6.366,S:OL_RAMP P:0 V:13856 D:1666 St:3 Tp:92 ZC:172 SYN Miss:0 B:111 DC1:1666 IO:3000/3000/3400 FP:0/BK:0/0 Cyc:0 TpHR:0 ZcI:41 ZcIHR:0 PZcI:44 Ph:2 FL:8 Frc:1 eRPM:1886 D%:166,OL_RAMP,0,13856,1666,3,92,172,1,0,1,1,1,1666,12288,12288,13312,,,,,,0,41,0,44,,1,1886,166,,0,0,0,0,0,,
1773730323115,6.466,S:OL_RAMP P:0 V:13824 D:1666 St:4 Tp:94 ZC:221 SYN Miss:0 B:111 DC1:1666 IO:0000/3400/0000 FP:0/BK:0/0 Cyc:0 TpHR:0 ZcI:38 ZcIHR:0 PZcI:36 Ph:2 FL:8 Frc:1 eRPM:1801 D%:166,OL_RAMP,0,13824,1666,4,94,221,1,0,1,1,1,1666,0,13312,0,,,,,,0,38,0,36,,1,1801,166,,0,0,0,0,0,,
1773730323214,6.565,S:OL_RAMP P:0 V:13872 D:1666 St:2 Tp:66 ZC:279 SYN Miss:0 B:111 DC1:1666 IO:3000/3000/3400 FP:0/BK:0/0 Cyc:0 TpHR:0 ZcI:31 ZcIHR:0 PZcI:31 Ph:2 FL:8 Frc:1 eRPM:3125 D%:166,OL_RAMP,0,13872,1666,2,66,279,1,0,1,1,1,1666,12288,12288,13312,,,,,,0,31,0,31,,1,3125,166,,0,0,0,0,0,,
1773730323314,6.665,S:OL_RAMP P:0 V:13920 D:1666 St:3 Tp:69 ZC:353 SYN Miss:0 B:101 DC1:1666 IO:3000/3400/0000 FP:0/BK:0/0 Cyc:0 TpHR:0 ZcI:22 ZcIHR:0 PZcI:22 Ph:2 FL:8 Frc:1 eRPM:3030 D%:166,OL_RAMP,0,13920,1666,3,69,353,1,0,1,0,1,1666,12288,13312,0,,,,,,0,22,0,22,,1,3030,166,,0,0,0,0,0,,
1773730323573,6.924,S:CL P:0 V:14288 D:999 St:0 Tp:17 ZC:690 SYN Miss:0 B:010 DC1:999 IO:3000/0000/3400 FP:284/BK:2/3 Cyc:12531 TpHR:1504 ZcI:23 ZcIHR:1032 PZcI:13 Ph:0 FL:3 Frc:1 eRPM:10607 D%:99,CL,0,14288,999,0,17,690,1,0,0,1,0,999,12288,0,13312,,,,,,1504,23,1032,13,,1,10607,99,,0,0,0,0,0,,
1773730323672,7.024,S:CL P:0 V:14288 D:999 St:2 Tp:17 ZC:795 SYN Miss:0 B:101 DC1:999 IO:0000/3400/0000 FP:388/BK:2/3 Cyc:18330 TpHR:1469 ZcI:15 ZcIHR:1187 PZcI:15 Ph:2 FL:3 Frc:0 eRPM:10219 D%:99,CL,0,14288,999,2,17,795,1,0,1,0,1,999,0,13312,0,,,,,,1469,15,1187,15,,0,10219,99,,0,0,0,0,0,,
1773730323772,7.123,S:CL P:0 V:14288 D:999 St:5 Tp:17 ZC:899 SYN Miss:0 B:001 DC1:999 IO:3400/0000/3400 FP:493/BK:2/3 Cyc:24119 TpHR:1479 ZcI:17 ZcIHR:1781 PZcI:23 Ph:1 FL:3 Frc:1 eRPM:10622 D%:99,CL,0,14288,999,5,17,899,1,0,0,0,1,999,13312,0,13312,,,,,,1479,17,1781,23,,1,10622,99,,0,0,0,0,0,,
1773730323872,7.223,S:CL P:0 V:14288 D:999 St:1 Tp:17 ZC:1004 SYN Miss:0 B:011 DC1:999 IO:0000/3400/3000 FP:597/BK:2/3 Cyc:29939 TpHR:1491 ZcI:23 ZcIHR:1187 PZcI:23 Ph:2 FL:3 Frc:0 eRPM:10306 D%:99,CL,0,14288,999,1,17,1004,1,0,0,1,1,999,0,13312,12288,,,,,,1491,23,1187,23,,0,10306,99,,0,0,0,0,0,,
1773730323972,7.323,S:CL P:0 V:14288 D:999 St:4 Tp:17 ZC:1109 SYN Miss:0 B:000 DC1:999 IO:3400/3000/3000 FP:702/BK:2/3 Cyc:35721 TpHR:1478 ZcI:24 ZcIHR:1406 PZcI:18 Ph:2 FL:3 Frc:1 eRPM:10493 D%:99,CL,0,14288,999,4,17,1109,1,0,0,0,0,999,13312,12288,12288,,,,,,1478,24,1406,18,,1,10493,99,,0,0,0,0,0,,
1773730324071,7.422,S:CL P:0 V:14288 D:999 St:0 Tp:17 ZC:1213 SYN Miss:0 B:111 DC1:999 IO:3000/3000/3400 FP:806/BK:2/3 Cyc:41530 TpHR:1523 ZcI:14 ZcIHR:1109 PZcI:14 Ph:0 FL:3 Frc:0 eRPM:10571 D%:99,CL,0,14288,999,0,17,1213,1,0,1,1,1,999,12288,12288,13312,,,,,,1523,14,1109,14,,0,10571,99,,0,0,0,0,0,,
1773730324171,7.522,S:CL P:0 V:14272 D:999 St:3 Tp:17 ZC:1317 SYN Miss:0 B:110 DC1:999 IO:3000/3400/0000 FP:911/BK:2/3 Cyc:47320 TpHR:1481 ZcI:14 ZcIHR:1860 PZcI:24 Ph:1 FL:3 Frc:1 eRPM:10239 D%:99,CL,0,14272,999,3,17,1317,1,0,1,1,0,999,12288,13312,0,,,,,,1481,14,1860,24,,1,10239,99,,0,0,0,0,0,,
1773730324271,7.622,S:CL P:0 V:14272 D:999 St:5 Tp:17 ZC:1421 SYN Miss:0 B:101 DC1:999 IO:3400/0000/3400 FP:1015/BK:2/3 Cyc:53137 TpHR:1530 ZcI:19 ZcIHR:1641 PZcI:21 Ph:2 FL:3 Frc:1 eRPM:10629 D%:99,CL,0,14272,999,5,17,1421,1,0,1,0,1,999,13312,0,13312,,,,,,1530,19,1641,21,,1,10629,99,,0,0,0,0,0,,
1773730324370,7.722,S:CL P:0 V:14272 D:999 St:2 Tp:17 ZC:1526 SYN Miss:0 B:101 DC1:999 IO:0000/3400/3000 FP:1120/BK:2/3 Cyc:58917 TpHR:1494 ZcI:23 ZcIHR:1109 PZcI:23 Ph:0 FL:3 Frc:1 eRPM:10347 D%:99,CL,0,14272,999,2,17,1526,1,0,1,0,1,999,0,13312,12288,,,,,,1494,23,1109,23,,1,10347,99,,0,0,0,0,0,,
1773730324470,7.821,S:CL P:0 V:14288 D:999 St:4 Tp:17 ZC:1631 SYN Miss:0 B:001 DC1:999 IO:3400/3000/3000 FP:1224/BK:2/3 Cyc:64717 TpHR:1463 ZcI:25 ZcIHR:1437 PZcI:19 Ph:2 FL:3 Frc:1 eRPM:10564 D%:99,CL,0,14288,999,4,17,1631,1,0,0,0,1,999,13312,12288,12288,,,,,,1463,25,1437,19,,1,10564,99,,0,0,0,0,0,,
1773730324570,7.921,S:CL P:0 V:14272 D:999 St:0 Tp:17 ZC:1735 SYN Miss:0 B:110 DC1:999 IO:3000/3000/3400 FP:1328/BK:2/3 Cyc:4980 TpHR:1523 ZcI:15 ZcIHR:1187 PZcI:22 Ph:0 FL:3 Frc:0 eRPM:10665 D%:99,CL,0,14272,999,0,17,1735,1,0,1,1,0,999,12288,12288,13312,,,,,,1523,15,1187,22,,0,10665,99,,0,0,0,0,0,,
1773730324670,8.021,S:CL P:0 V:14272 D:999 St:3 Tp:17 ZC:1839 SYN Miss:0 B:110 DC1:999 IO:3000/3400/0000 FP:1433/BK:2/3 Cyc:10787 TpHR:1489 ZcI:14 ZcIHR:1938 PZcI:25 Ph:1 FL:3 Frc:1 eRPM:10514 D%:99,CL,0,14272,999,3,17,1839,1,0,1,1,0,999,12288,13312,0,,,,,,1489,14,1938,25,,1,10514,99,,0,0,0,0,0,,
1773730324769,8.12,S:CL P:0 V:14256 D:999 St:5 Tp:17 ZC:1943 SYN Miss:0 B:101 DC1:999 IO:3400/0000/3400 FP:1537/BK:2/3 Cyc:16597 TpHR:1522 ZcI:18 ZcIHR:1625 PZcI:21 Ph:2 FL:3 Frc:0 eRPM:10571 D%:99,CL,0,14256,999,5,17,1943,1,0,1,0,1,999,13312,0,13312,,,,,,1522,18,1625,21,,0,10571,99,,0,0,0,0,0,,
1773730324869,8.22,S:CL P:0 V:14256 D:999 St:2 Tp:17 ZC:2048 SYN Miss:0 B:111 DC1:999 IO:0000/3400/3000 FP:1642/BK:2/3 Cyc:22386 TpHR:1496 ZcI:22 ZcIHR:1063 PZcI:22 Ph:0 FL:3 Frc:1 eRPM:10245 D%:99,CL,0,14256,999,2,17,2048,1,0,1,1,1,999,0,13312,12288,,,,,,1496,22,1063,22,,1,10245,99,,0,0,0,0,0,,
1773730324969,8.32,S:CL P:0 V:14288 D:999 St:4 Tp:17 ZC:2152 SYN Miss:0 B:000 DC1:999 IO:3400/3000/3000 FP:1746/BK:2/3 Cyc:28193 TpHR:1454 ZcI:25 ZcIHR:1422 PZcI:18 Ph:2 FL:3 Frc:1 eRPM:10465 D%:99,CL,0,14288,999,4,17,2152,1,0,0,0,0,999,13312,12288,12288,,,,,,1454,25,1422,18,,1,10465,99,,0,0,0,0,0,,
1773730325068,8.42,S:CL P:0 V:14272 D:999 St:0 Tp:17 ZC:2257 SYN Miss:0 B:110 DC1:999 IO:3000/3000/3400 FP:1850/BK:2/3 Cyc:33993 TpHR:1521 ZcI:14 ZcIHR:1110 PZcI:14 Ph:0 FL:3 Frc:0 eRPM:10543 D%:99,CL,0,14272,999,0,17,2257,1,0,1,1,0,999,12288,12288,13312,,,,,,1521,14,1110,14,,0,10543,99,,0,0,0,0,0,,
1773730325168,8.519,S:CL P:0 V:14272 D:999 St:2 Tp:18 ZC:2361 SYN Miss:0 B:100 DC1:999 IO:3000/3400/0000 FP:1954/BK:2/3 Cyc:39797 TpHR:1476 ZcI:15 ZcIHR:1938 PZcI:25 Ph:1 FL:3 Frc:1 eRPM:10245 D%:99,CL,0,14272,999,2,18,2361,1,0,1,0,0,999,12288,13312,0,,,,,,1476,15,1938,25,,1,10245,99,,0,0,0,0,0,,
1773730325268,8.619,S:CL P:16 V:14256 D:999 St:5 Tp:17 ZC:2465 SYN Miss:0 B:101 DC1:999 IO:3400/0000/3400 FP:2059/BK:2/3 Cyc:45618 TpHR:1520 ZcI:16 ZcIHR:1703 PZcI:22 Ph:2 FL:3 Frc:0 eRPM:10643 D%:99,CL,16,14256,999,5,17,2465,1,0,1,0,1,999,13312,0,13312,,,,,,1520,16,1703,22,,0,10643,99,,0,0,0,0,0,,
1773730325368,8.719,S:CL P:16 V:14272 D:999 St:1 Tp:18 ZC:2570 SYN Miss:0 B:111 DC1:999 IO:0000/3400/3000 FP:2164/BK:2/3 Cyc:51399 TpHR:1513 ZcI:21 ZcIHR:1109 PZcI:21 Ph:0 FL:3 Frc:1 eRPM:10252 D%:99,CL,16,14272,999,1,18,2570,1,0,1,1,1,999,0,13312,12288,,,,,,1513,21,1109,21,,1,10252,99,,0,0,0,0,0,,
1773730325467,8.818,S:CL P:0 V:14272 D:999 St:4 Tp:17 ZC:2674 SYN Miss:0 B:100 DC1:999 IO:3400/3000/0000 FP:2268/BK:2/3 Cyc:57190 TpHR:1467 ZcI:25 ZcIHR:1266 PZcI:16 Ph:1 FL:3 Frc:1 eRPM:10507 D%:99,CL,0,14272,999,4,17,2674,1,0,1,0,0,999,13312,12288,0,,,,,,1467,25,1266,16,,1,10507,99,,0,0,0,0,0,,
1773730325567,8.918,S:CL P:0 V:14272 D:999 St:0 Tp:17 ZC:2779 SYN Miss:0 B:110 DC1:999 IO:3000/3000/3400 FP:2372/BK:2/3 Cyc:62982 TpHR:1520 ZcI:14 ZcIHR:1110 PZcI:14 Ph:0 FL:3 Frc:0 eRPM:10564 D%:99,CL,0,14272,999,0,17,2779,1,0,1,1,0,999,12288,12288,13312,,,,,,1520,14,1110,14,,0,10564,99,,0,0,0,0,0,,
1773730325667,9.018,S:CL P:0 V:14288 D:999 St:2 Tp:18 ZC:2883 SYN Miss:0 B:101 DC1:999 IO:0000/3400/0000 FP:2476/BK:2/3 Cyc:3233 TpHR:1475 ZcI:16 ZcIHR:1266 PZcI:16 Ph:0 FL:3 Frc:0 eRPM:10320 D%:99,CL,0,14288,999,2,18,2883,1,0,1,0,1,999,0,13312,0,,,,,,1475,16,1266,16,,0,10320,99,,0,0,0,0,0,,
1773730325766,9.117,S:CL P:0 V:14288 D:999 St:5 Tp:17 ZC:2987 SYN Miss:0 B:001 DC1:999 IO:3400/0000/3400 FP:2581/BK:2/3 Cyc:9041 TpHR:1483 ZcI:17 ZcIHR:1781 PZcI:23 Ph:1 FL:3 Frc:0 eRPM:10746 D%:99,CL,0,14288,999,5,17,2987,1,0,0,0,1,999,13312,0,13312,,,,,,1483,17,1781,23,,0,10746,99,,0,0,0,0,0,,
1773730325866,9.217,S:CL P:0 V:14240 D:999 St:1 Tp:18 ZC:3091 SYN Miss:0 B:011 DC1:999 IO:0000/3400/3000 FP:2685/BK:2/3 Cyc:14846 TpHR:1508 ZcI:21 ZcIHR:1266 PZcI:21 Ph:2 FL:3 Frc:0 eRPM:10225 D%:99,CL,0,14240,999,1,18,3091,1,0,0,1,1,999,0,13312,12288,,,,,,1508,21,1266,21,,0,10225,99,,0,0,0,0,0,,
1773730325966,9.317,S:CL P:0 V:14272 D:999 St:4 Tp:17 ZC:3196 SYN Miss:0 B:101 DC1:999 IO:3400/3000/0000 FP:2790/BK:2/3 Cyc:20636 TpHR:1464 ZcI:24 ZcIHR:1344 PZcI:17 Ph:0 FL:3 Frc:1 eRPM:10327 D%:99,CL,0,14272,999,4,17,3196,1,0,1,0,1,999,13312,12288,0,,,,,,1464,24,1344,17,,1,10327,99,,0,0,0,0,0,,
1773730326065,9.417,S:CL P:0 V:14272 D:999 St:0 Tp:18 ZC:3300 SYN Miss:0 B:011 DC1:999 IO:3000/0000/3400 FP:2894/BK:2/3 Cyc:26454 TpHR:1518 ZcI:23 ZcIHR:1109 PZcI:14 Ph:2 FL:3 Frc:1 eRPM:10423 D%:99,CL,0,14272,999,0,18,3300,1,0,0,1,1,999,12288,0,13312,,,,,,1518,23,1109,14,,1,10423,99,,0,0,0,0,0,,
1773730326165,9.517,S:CL P:1424 V:14272 D:999 St:2 Tp:17 ZC:3405 SYN Miss:0 B:100 DC1:999 IO:3000/3400/0000 FP:2998/BK:2/3 Cyc:32243 TpHR:1472 ZcI:16 ZcIHR:1860 PZcI:24 Ph:1 FL:3 Frc:1 eRPM:10252 D%:99,CL,1424,14272,999,2,17,3405,1,0,1,0,0,999,12288,13312,0,,,,,,1472,16,1860,24,,1,10252,99,,0,0,0,0,0,,
1773730326265,9.616,S:CL P:6560 V:14240 D:1653 St:4 Tp:11 ZC:3533 SYN Miss:0 B:101 DC1:1678 IO:3000/3000/3000 FP:3129/BK:2/3 Cyc:38008 TpHR:887 ZcI:14 ZcIHR:874 PZcI:12 Ph:1 FL:2 Frc:1 eRPM:17536 D%:172,CL,6560,14240,1653,4,11,3533,1,0,1,0,1,1678,12288,12288,12288,,,,,,887,14,874,12,,1,17536,172,,0,0,0,0,0,,
1773730326365,9.716,S:CL P:8000 V:14224 D:1850 St:5 Tp:9 ZC:3720 SYN Miss:0 B:011 DC1:1850 IO:0000/3400/0000 FP:3317/BK:2/3 Cyc:44112 TpHR:812 ZcI:11 ZcIHR:890 PZcI:11 Ph:1 FL:2 Frc:1 eRPM:19101 D%:185,CL,8000,14224,1850,5,9,3720,1,0,0,1,1,1850,0,13312,0,,,,,,812,11,890,11,,1,19101,185,,0,0,0,0,0,,
1773730326464,9.816,S:CL P:8000 V:14256 D:1848 St:0 Tp:9 ZC:3913 SYN Miss:0 B:101 DC1:1848 IO:3400/3000/3000 FP:3511/BK:2/3 Cyc:50112 TpHR:806 ZcI:11 ZcIHR:906 PZcI:11 Ph:0 FL:2 Frc:1 eRPM:19654 D%:185,CL,8000,14256,1848,0,9,3913,1,0,1,0,1,1848,13312,12288,12288,,,,,,806,11,906,11,,1,19654,185,,0,0,0,0,0,,
1773730326564,9.915,S:CL P:8080 V:14256 D:1861 St:2 Tp:9 ZC:4107 SYN Miss:0 B:111 DC1:1864 IO:3000/3000/3000 FP:3705/BK:2/3 Cyc:56101 TpHR:798 ZcI:11 ZcIHR:922 PZcI:12 Ph:1 FL:2 Frc:1 eRPM:19629 D%:187,CL,8080,14256,1861,2,9,4107,1,0,1,1,1,1864,12288,12288,12288,,,,,,798,11,922,12,,1,19629,187,,0,0,0,0,0,,
1773730326664,10.015,S:CL P:11376 V:14192 D:2334 St:1 Tp:8 ZC:4317 SYN Miss:0 B:011 DC1:2366 IO:0000/3400/0000 FP:3917/BK:2/3 Cyc:62316 TpHR:644 ZcI:7 ZcIHR:656 PZcI:8 Ph:2 FL:2 Frc:1 eRPM:25000 D%:241,CL,11376,14192,2334,1,8,4317,1,0,0,1,1,2366,0,13312,0,,,,,,644,7,656,8,,1,25000,241,,0,0,0,0,0,,
1773730326763,10.115,S:CL P:12368 V:14224 D:2472 St:4 Tp:7 ZC:4572 SYN Miss:0 B:100 DC1:2475 IO:3400/0000/3400 FP:4172/BK:2/3 Cyc:2773 TpHR:599 ZcI:7 ZcIHR:563 PZcI:7 Ph:2 FL:2 Frc:1 eRPM:26041 D%:247,CL,12368,14224,2472,4,7,4572,1,0,1,0,0,2475,13312,0,13312,,,,,,599,7,563,7,,1,26041,247,,0,0,0,0,0,,
1773730326863,10.214,S:CL P:12384 V:14224 D:2472 St:4 Tp:7 ZC:4829 SYN Miss:0 B:101 DC1:2472 IO:3400/0000/3400 FP:4430/BK:2/3 Cyc:8769 TpHR:600 ZcI:8 ZcIHR:578 PZcI:8 Ph:2 FL:2 Frc:1 eRPM:25324 D%:247,CL,12384,14224,2472,4,7,4829,1,0,1,0,1,2472,13312,0,13312,,,,,,600,8,578,8,,1,25324,247,,0,0,0,0,0,,
1773730326963,10.314,S:CL P:12416 V:14224 D:2477 St:4 Tp:7 ZC:5087 SYN Miss:0 B:000 DC1:2484 IO:3000/0000/3400 FP:4688/BK:2/3 Cyc:14732 TpHR:597 ZcI:9 ZcIHR:484 PZcI:8 Ph:2 FL:2 Frc:1 eRPM:25955 D%:255,CL,12416,14224,2477,4,7,5087,1,0,0,0,0,2484,12288,0,13312,,,,,,597,9,484,8,,1,25955,255,,0,0,0,0,0,,
1773730327063,10.414,S:CL P:15152 V:14192 D:2868 St:5 Tp:6 ZC:5365 SYN Miss:0 B:111 DC1:2883 IO:3000/3000/0000 FP:4967/BK:2/3 Cyc:21423 TpHR:530 ZcI:7 ZcIHR:484 PZcI:7 Ph:2 FL:2 Frc:0 eRPM:29875 D%:290,CL,15152,14192,2868,5,6,5365,1,0,1,1,1,2883,12288,12288,0,,,,,,530,7,484,7,,0,29875,290,,0,0,0,0,0,,
1773730327162,10.513,S:CL P:15440 V:14240 D:2906 St:1 Tp:6 ZC:5667 SYN Miss:0 B:100 DC1:2908 IO:3000/3000/3400 FP:5270/BK:2/3 Cyc:28208 TpHR:509 ZcI:6 ZcIHR:562 PZcI:6 Ph:0 FL:2 Frc:1 eRPM:30398 D%:290,CL,15440,14240,2906,1,6,5667,1,0,1,0,0,2908,12288,12288,13312,,,,,,509,6,562,6,,1,30398,290,,0,0,0,0,0,,
1773730327262,10.613,S:CL P:15456 V:14224 D:2908 St:5 Tp:6 ZC:5971 SYN Miss:0 B:101 DC1:2913 IO:0000/3400/0000 FP:5574/BK:2/3 Cyc:34989 TpHR:507 ZcI:6 ZcIHR:532 PZcI:6 Ph:0 FL:2 Frc:1 eRPM:30697 D%:291,CL,15456,14224,2908,5,6,5971,1,0,1,0,1,2913,0,13312,0,,,,,,507,6,532,6,,1,30697,291,,0,0,0,0,0,,
1773730327362,10.713,S:CL P:15488 V:14240 D:2911 St:3 Tp:6 ZC:6275 SYN Miss:0 B:001 DC1:2908 IO:3400/0000/3000 FP:5878/BK:2/3 Cyc:41854 TpHR:511 ZcI:6 ZcIHR:516 PZcI:6 Ph:1 FL:2 Frc:1 eRPM:30697 D%:291,CL,15488,14240,2911,3,6,6275,1,0,0,0,1,2908,13312,0,12288,,,,,,511,6,516,6,,1,30697,291,,0,0,0,0,0,,
1773730327461,10.813,S:CL P:17136 V:14208 D:3151 St:1 Tp:5 ZC:6585 SYN Miss:0 B:000 DC1:3160 IO:3000/3000/3400 FP:6189/BK:2/3 Cyc:48623 TpHR:478 ZcI:7 ZcIHR:516 PZcI:7 Ph:2 FL:2 Frc:1 eRPM:33033 D%:320,CL,17136,14208,3151,1,5,6585,1,0,0,0,0,3160,12288,12288,13312,,,,,,478,7,516,7,,1,33033,320,,0,0,0,0,0,,
1773730327561,10.912,S:CL P:18208 V:14208 D:3301 St:3 Tp:5 ZC:6924 SYN Miss:0 B:111 DC1:3301 IO:3000/3400/0000 FP:6528/BK:2/3 Cyc:55159 TpHR:447 ZcI:5 ZcIHR:485 PZcI:6 Ph:1 FL:2 Frc:1 eRPM:34265 D%:330,CL,18208,14208,3301,3,5,6924,1,0,1,1,1,3301,12288,13312,0,,,,,,447,5,485,6,,1,34265,330,,0,0,0,0,0,,
1773730327661,11.012,S:CL P:18256 V:14240 D:3304 St:0 Tp:5 ZC:7268 SYN Miss:0 B:100 DC1:3306 IO:3000/3000/3400 FP:6872/BK:2/3 Cyc:61701 TpHR:453 ZcI:6 ZcIHR:485 PZcI:6 Ph:1 FL:2 Frc:0 eRPM:34722 D%:330,CL,18256,14240,3304,0,5,7268,1,0,1,0,0,3306,12288,12288,13312,,,,,,453,6,485,6,,0,34722,330,,0,0,0,0,0,,
1773730327760,11.111,S:CL P:18256 V:14208 D:3306 St:2 Tp:5 ZC:7612 SYN Miss:0 B:110 DC1:3308 IO:3400/3000/3000 FP:7217/BK:2/3 Cyc:2707 TpHR:450 ZcI:6 ZcIHR:437 PZcI:6 Ph:2 FL:2 Frc:1 eRPM:34416 D%:330,CL,18256,14208,3306,2,5,7612,1,0,1,1,0,3308,13312,12288,12288,,,,,,450,6,437,6,,1,34416,330,,0,0,0,0,0,,
1773730327860,11.211,S:CL P:18272 V:14240 D:3308 St:5 Tp:5 ZC:7957 SYN Miss:0 B:001 DC1:3310 IO:0000/3400/3000 FP:7562/BK:2/3 Cyc:9228 TpHR:446 ZcI:6 ZcIHR:437 PZcI:6 Ph:1 FL:2 Frc:0 eRPM:34416 D%:331,CL,18272,14240,3308,5,5,7957,1,0,0,0,1,3310,0,13312,12288,,,,,,446,6,437,6,,0,34416,331,,0,0,0,0,0,,
1773730327960,11.311,S:CL P:19712 V:14192 D:3517 St:3 Tp:5 ZC:8304 SYN Miss:0 B:101 DC1:3533 IO:0000/3400/0000 FP:7909/BK:2/3 Cyc:15733 TpHR:428 ZcI:6 ZcIHR:407 PZcI:6 Ph:0 FL:2 Frc:1 eRPM:36337 D%:357,CL,19712,14192,3517,3,5,8304,1,0,1,0,1,3533,0,13312,0,,,,,,428,6,407,6,,1,36337,357,,0,0,0,0,0,,
1773730328060,11.411,S:CL P:21856 V:14208 D:3819 St:3 Tp:4 ZC:8693 SYN Miss:0 B:001 DC1:3817 IO:0000/3000/3000 FP:8300/BK:2/3 Cyc:23498 TpHR:387 ZcI:5 ZcIHR:360 PZcI:5 Ph:1 FL:2 Frc:1 eRPM:41226 D%:381,CL,21856,14208,3819,3,4,8693,1,0,0,0,1,3817,0,12288,12288,,,,,,387,5,360,5,,1,41226,381,,0,0,0,0,0,,
1773730328159,11.51,S:CL P:21856 V:14240 D:3819 St:0 Tp:4 ZC:9098 SYN Miss:0 B:110 DC1:3817 IO:3400/3000/0000 FP:8705/BK:2/3 Cyc:31858 TpHR:385 ZcI:5 ZcIHR:407 PZcI:5 Ph:1 FL:2 Frc:1 eRPM:40374 D%:381,CL,21856,14240,3819,0,4,9098,1,0,1,1,0,3817,13312,12288,0,,,,,,385,5,407,5,,1,40374,381,,0,0,0,0,0,,
1773730328259,11.61,S:CL P:21856 V:14240 D:3819 St:2 Tp:4 ZC:9503 SYN Miss:0 B:101 DC1:3819 IO:0000/3000/3000 FP:9110/BK:2/3 Cyc:40191 TpHR:385 ZcI:5 ZcIHR:360 PZcI:5 Ph:1 FL:2 Frc:1 eRPM:41226 D%:381,CL,21856,14240,3819,2,4,9503,1,0,1,0,1,3819,0,12288,12288,,,,,,385,5,360,5,,1,41226,381,,0,0,0,0,0,,
1773730328359,11.71,S:CL P:21872 V:14240 D:3824 St:5 Tp:4 ZC:9908 SYN Miss:0 B:001 DC1:3821 IO:3400/0000/3000 FP:9515/BK:2/3 Cyc:48553 TpHR:380 ZcI:5 ZcIHR:406 PZcI:5 Ph:1 FL:2 Frc:1 eRPM:40270 D%:382,CL,21872,14240,3824,5,4,9908,1,0,0,0,1,3821,13312,0,12288,,,,,,380,5,406,5,,1,40270,382,,0,0,0,0,0,,
1773730328459,11.81,S:CL P:23392 V:14240 D:4028 St:3 Tp:4 ZC:10326 SYN Miss:0 B:111 DC1:4030 IO:3400/0000/3000 FP:9935/BK:2/3 Cyc:56693 TpHR:356 ZcI:3 ZcIHR:328 PZcI:6 Ph:1 FL:2 Frc:1 eRPM:42925 D%:403,CL,23392,14240,4028,3,4,10326,1,0,1,1,1,4030,13312,0,12288,,,,,,356,3,328,6,,1,42925,403,,0,0,0,0,0,,
1773730328558,11.909,S:CL P:23392 V:14192 D:4033 St:2 Tp:4 ZC:10757 SYN Miss:0 B:001 DC1:4033 IO:3000/0000/3400 FP:10366/BK:2/3 Cyc:64767 TpHR:359 ZcI:6 ZcIHR:328 PZcI:5 Ph:1 FL:2 Frc:0 eRPM:42808 D%:403,CL,23392,14192,4033,2,4,10757,1,0,0,0,1,4033,12288,0,13312,,,,,,359,6,328,5,,0,42808,403,,0,0,0,0,0,,
1773730328658,12.009,S:CL P:23408 V:14208 D:4035 St:1 Tp:4 ZC:11188 SYN Miss:0 B:101 DC1:4035 IO:0000/3000/3000 FP:10797/BK:2/3 Cyc:7303 TpHR:365 ZcI:4 ZcIHR:344 PZcI:6 Ph:0 FL:2 Frc:1 eRPM:42691 D%:403,CL,23408,14208,4035,1,4,11188,1,0,1,0,1,4035,0,12288,12288,,,,,,365,4,344,6,,1,42691,403,,0,0,0,0,0,,
1773730328758,12.109,S:CL P:23392 V:14208 D:4037 St:0 Tp:4 ZC:11619 SYN Miss:0 B:110 DC1:4035 IO:3000/3400/0000 FP:11228/BK:2/3 Cyc:15383 TpHR:361 ZcI:5 ZcIHR:328 PZcI:4 Ph:1 FL:2 Frc:1 eRPM:43402 D%:403,CL,23392,14208,4037,0,4,11619,1,0,1,1,0,4035,12288,13312,0,,,,,,361,5,328,4,,1,43402,403,,0,0,0,0,0,,
1773730328857,12.209,S:CL P:23392 V:14224 D:4037 St:4 Tp:4 ZC:12049 SYN Miss:0 B:110 DC1:4037 IO:3400/3000/0000 FP:11658/BK:2/3 Cyc:23425 TpHR:358 ZcI:4 ZcIHR:359 PZcI:5 Ph:0 FL:2 Frc:1 eRPM:42925 D%:403,CL,23392,14224,4037,4,4,12049,1,0,1,1,0,4037,13312,12288,0,,,,,,358,4,359,5,,1,42925,403,,0,0,0,0,0,,
1773730328957,12.308,S:CL P:25296 V:14176 D:4305 St:4 Tp:4 ZC:12487 SYN Miss:0 B:110 DC1:4307 IO:3400/3000/0000 FP:12097/BK:2/3 Cyc:31491 TpHR:348 ZcI:3 ZcIHR:313 PZcI:4 Ph:1 FL:2 Frc:0 eRPM:45158 D%:431,CL,25296,14176,4305,4,4,12487,1,0,1,1,0,4307,13312,12288,0,,,,,,348,3,313,4,,0,45158,431,,0,0,0,0,0,,
1773730329057,12.408,S:CL P:25344 V:14208 D:4312 St:0 Tp:4 ZC:12939 SYN Miss:0 B:101 DC1:4312 IO:0000/3000/3400 FP:12549/BK:2/3 Cyc:39510 TpHR:340 ZcI:4 ZcIHR:344 PZcI:4 Ph:0 FL:2 Frc:1 eRPM:45687 D%:431,CL,25344,14208,4312,0,4,12939,1,0,1,0,1,4312,0,12288,13312,,,,,,340,4,344,4,,1,45687,431,,0,0,0,0,0,,
1773730329157,12.508,S:CL P:25344 V:14224 D:4310 St:3 Tp:4 ZC:13392 SYN Miss:0 B:111 DC1:4314 IO:3400/0000/3000 FP:13002/BK:2/3 Cyc:47540 TpHR:348 ZcI:5 ZcIHR:359 PZcI:4 Ph:1 FL:2 Frc:0 eRPM:45421 D%:431,CL,25344,14224,4310,3,4,13392,1,0,1,1,1,4314,13312,0,12288,,,,,,348,5,359,4,,0,45421,431,,0,0,0,0,0,,
1773730329256,12.608,S:CL P:25328 V:14144 D:4312 St:5 Tp:4 ZC:13844 SYN Miss:0 B:111 DC1:4312 IO:0000/3400/3000 FP:13454/BK:2/3 Cyc:55557 TpHR:341 ZcI:5 ZcIHR:343 PZcI:5 Ph:0 FL:2 Frc:1 eRPM:45158 D%:431,CL,25328,14144,4312,5,4,13844,1,0,1,1,1,4312,0,13312,12288,,,,,,341,5,343,5,,1,45158,431,,0,0,0,0,0,,
1773730329356,12.707,S:CL P:26880 V:14160 D:4534 St:0 Tp:3 ZC:14301 SYN Miss:0 B:101 DC1:4548 IO:0000/3000/3400 FP:13912/BK:2/3 Cyc:63566 TpHR:320 ZcI:4 ZcIHR:296 PZcI:4 Ph:1 FL:2 Frc:1 eRPM:48524 D%:459,CL,26880,14160,4534,0,3,14301,1,0,1,0,1,4548,0,12288,13312,,,,,,320,4,296,4,,1,48524,459,,0,0,0,0,0,,
1773730329456,12.807,S:CL P:28800 V:14208 D:4800 St:1 Tp:3 ZC:14801 SYN Miss:0 B:011 DC1:4802 IO:3400/3000/0000 FP:14413/BK:2/3 Cyc:5937 TpHR:303 ZcI:4 ZcIHR:296 PZcI:4 Ph:1 FL:2 Frc:1 eRPM:51062 D%:480,CL,28800,14208,4800,1,3,14801,1,0,0,1,1,4802,13312,12288,0,,,,,,303,4,296,4,,1,51062,480,,0,0,0,0,0,,
1773730329556,12.907,S:CL P:28800 V:14240 D:4800 St:4 Tp:3 ZC:15308 SYN Miss:0 B:100 DC1:4802 IO:0000/3000/3400 FP:14920/BK:2/3 Cyc:13948 TpHR:306 ZcI:3 ZcIHR:297 PZcI:4 Ph:0 FL:2 Frc:1 eRPM:51062 D%:480,CL,28800,14240,4800,4,3,15308,1,0,1,0,0,4802,0,12288,13312,,,,,,306,3,297,4,,1,51062,480,,0,0,0,0,0,,
1773730329655,13.006,S:CL P:28784 V:14240 D:4800 St:1 Tp:3 ZC:15815 SYN Miss:0 B:101 DC1:4805 IO:3400/3000/0000 FP:15427/BK:2/3 Cyc:21970 TpHR:305 ZcI:3 ZcIHR:281 PZcI:4 Ph:1 FL:2 Frc:1 eRPM:51398 D%:479,CL,28784,14240,4800,1,3,15815,1,0,1,0,1,4805,13312,12288,0,,,,,,305,3,281,4,,1,51398,479,,0,0,0,0,0,,
1773730329755,13.106,S:CL P:28800 V:14176 D:4807 St:4 Tp:3 ZC:16322 SYN Miss:0 B:100 DC1:4802 IO:0000/0000/3400 FP:15934/BK:2/3 Cyc:30017 TpHR:309 ZcI:4 ZcIHR:281 PZcI:4 Ph:0 FL:2 Frc:1 eRPM:51398 D%:481,CL,28800,14176,4807,4,3,16322,1,0,1,0,0,4802,0,0,13312,,,,,,309,4,281,4,,1,51398,481,,0,0,0,0,0,,
1773730329855,13.206,S:CL P:33360 V:14144 D:5452 St:2 Tp:3 ZC:16849 SYN Miss:0 B:100 DC1:5450 IO:0000/0000/3000 FP:16464/BK:2/3 Cyc:37939 TpHR:273 ZcI:3 ZcIHR:282 PZcI:3 Ph:1 FL:2 Frc:1 eRPM:57444 D%:545,CL,33360,14144,5452,2,3,16849,1,0,1,0,0,5450,0,0,12288,,,,,,273,3,282,3,,1,57444,545,,0,0,0,0,0,,
1773730329955,13.306,S:CL P:33392 V:14224 D:5452 St:4 Tp:3 ZC:17420 SYN Miss:0 B:101 DC1:5456 IO:3400/3000/0000 FP:17035/BK:2/3 Cyc:45760 TpHR:272 ZcI:3 ZcIHR:281 PZcI:4 Ph:1 FL:2 Frc:1 eRPM:57656 D%:545,CL,33392,14224,5452,4,3,17420,1,0,1,0,1,5456,13312,12288,0,,,,,,272,3,281,4,,1,57656,545,,0,0,0,0,0,,
1773730330054,13.405,S:CL P:33392 V:14176 D:5456 St:0 Tp:3 ZC:17992 SYN Miss:0 B:010 DC1:5459 IO:3000/3400/3000 FP:17607/BK:2/3 Cyc:53697 TpHR:270 ZcI:3 ZcIHR:281 PZcI:4 Ph:0 FL:2 Frc:1 eRPM:57870 D%:545,CL,33392,14176,5456,0,3,17992,1,0,0,1,0,5459,12288,13312,12288,,,,,,270,3,281,4,,1,57870,545,,0,0,0,0,0,,
1773730330154,13.505,S:CL P:33408 V:14080 D:5454 St:0 Tp:3 ZC:18563 SYN Miss:0 B:010 DC1:5454 IO:0000/3000/3400 FP:18178/BK:2/3 Cyc:61618 TpHR:270 ZcI:4 ZcIHR:266 PZcI:3 Ph:0 FL:2 Frc:1 eRPM:57444 D%:545,CL,33408,14080,5454,0,3,18563,1,0,0,1,0,5454,0,12288,13312,,,,,,270,4,266,3,,1,57444,545,,0,0,0,0,0,,
1773730330254,13.605,S:CL P:33616 V:14208 D:5486 St:2 Tp:3 ZC:19134 SYN Miss:0 B:110 DC1:5488 IO:0000/0000/3000 FP:18750/BK:2/3 Cyc:4028 TpHR:271 ZcI:4 ZcIHR:265 PZcI:4 Ph:0 FL:2 Frc:1 eRPM:57656 D%:548,CL,33616,14208,5486,2,3,19134,1,0,1,1,0,5488,0,0,12288,,,,,,271,4,265,4,,1,57656,548,,0,0,0,0,0,,
1773730330353,13.705,S:CL P:33696 V:14208 D:5502 St:4 Tp:3 ZC:19706 SYN Miss:0 B:101 DC1:5500 IO:3400/0000/0000 FP:19321/BK:2/3 Cyc:11978 TpHR:272 ZcI:3 ZcIHR:281 PZcI:4 Ph:2 FL:2 Frc:1 eRPM:57234 D%:551,CL,33696,14208,5502,4,3,19706,1,0,1,0,1,5500,13312,0,0,,,,,,272,3,281,4,,1,57234,551,,0,0,0,0,0,,
1773730330453,13.804,S:CL P:40704 V:13888 D:6528 St:2 Tp:2 ZC:17 SYN Miss:0 B:101 DC1:6615 IO:3400/3000/0000 FP:19905/BK:2/3 Cyc:19479 TpHR:208 ZcI:2 ZcIHR:219 PZcI:3 Ph:0 FL:2 Frc:1 eRPM:79719 D%:677,CL,40704,13888,6528,2,2,17,1,0,1,0,1,6615,13312,12288,0,,,,,,208,2,219,3,,1,79719,677,,0,0,0,0,0,,
1773730330553,13.904,S:CL P:44368 V:14160 D:7012 St:4 Tp:2 ZC:631 SYN Miss:0 B:010 DC1:7014 IO:3000/0000/0000 FP:20638/BK:2/3 Cyc:26322 TpHR:200 ZcI:3 ZcIHR:141 PZcI:3 Ph:0 FL:2 Frc:1 eRPM:74052 D%:701,CL,44368,14160,7012,4,2,631,1,0,0,1,0,7014,12288,0,0,,,,,,200,3,141,3,,1,74052,701,,0,0,0,0,0,,
1773730330653,14.004,S:CL P:44384 V:14080 D:7014 St:0 Tp:2 ZC:1377 SYN Miss:0 B:101 DC1:7014 IO:3000/3000/3400 FP:21384/BK:2/3 Cyc:33123 TpHR:212 ZcI:2 ZcIHR:219 PZcI:3 Ph:0 FL:2 Frc:1 eRPM:74404 D%:701,CL,44384,14080,7014,0,2,1377,1,0,1,0,1,7014,12288,12288,13312,,,,,,212,2,219,3,,1,74404,701,,0,0,0,0,0,,
1773730330752,14.103,S:CL P:44384 V:14112 D:7012 St:3 Tp:2 ZC:2124 SYN Miss:0 B:000 DC1:7012 IO:3000/0000/0000 FP:22131/BK:2/3 Cyc:39886 TpHR:193 ZcI:2 ZcIHR:125 PZcI:2 Ph:1 FL:2 Frc:1 eRPM:74760 D%:700,CL,44384,14112,7012,3,2,2124,1,0,0,0,0,7012,12288,0,0,,,,,,193,2,125,2,,1,74760,700,,0,0,0,0,0,,
1773730330852,14.203,S:CL P:44368 V:14192 D:7012 St:4 Tp:2 ZC:2870 SYN Miss:0 B:000 DC1:7017 IO:3400/3400/3400 FP:22876/BK:2/3 Cyc:46682 TpHR:215 ZcI:2 ZcIHR:281 PZcI:2 Ph:2 FL:2 Frc:1 eRPM:72674 D%:701,CL,44368,14192,7012,4,2,2870,1,0,0,0,0,7017,13312,13312,13312,,,,,,215,2,281,2,,1,72674,701,,0,0,0,0,0,,
1773730330952,14.303,S:CL P:44368 V:14160 D:7014 St:0 Tp:2 ZC:3616 SYN Miss:0 B:101 DC1:7014 IO:0000/3000/3000 FP:23623/BK:2/3 Cyc:53438 TpHR:211 ZcI:3 ZcIHR:203 PZcI:2 Ph:1 FL:2 Frc:1 eRPM:73702 D%:701,CL,44368,14160,7014,0,2,3616,1,0,1,0,1,7014,0,12288,12288,,,,,,211,3,203,2,,1,73702,701,,0,0,0,0,0,,
1773730331051,14.403,S:CL P:45296 V:14048 D:7146 St:5 Tp:2 ZC:4365 SYN Miss:0 B:101 DC1:7162 IO:3000/3000/3400 FP:24372/BK:2/3 Cyc:60181 TpHR:203 ZcI:2 ZcIHR:126 PZcI:3 Ph:1 FL:2 Frc:1 eRPM:78517 D%:721,CL,45296,14048,7146,5,2,4365,1,0,1,0,1,7162,12288,12288,13312,,,,,,203,2,126,3,,1,78517,721,,0,0,0,0,0,,
1773730331151,14.502,S:CL P:48688 V:14144 D:7625 St:0 Tp:2 ZC:5151 SYN Miss:0 B:000 DC1:7625 IO:0000/0000/0000 FP:25162/BK:2/3 Cyc:1311 TpHR:186 ZcI:2 ZcIHR:141 PZcI:3 Ph:0 FL:2 Frc:1 eRPM:81380 D%:763,CL,48688,14144,7625,0,2,5151,1,0,0,0,0,7625,0,0,0,,,,,,186,2,141,3,,1,81380,763,,0,0,0,0,0,,
1773730331251,14.602,S:CL P:48736 V:14144 D:7634 St:0 Tp:2 ZC:5969 SYN Miss:0 B:010 DC1:7632 IO:3400/3400/3000 FP:25979/BK:2/3 Cyc:7867 TpHR:189 ZcI:2 ZcIHR:249 PZcI:3 Ph:0 FL:2 Frc:1 eRPM:81380 D%:763,CL,48736,14144,7634,0,2,5969,1,0,0,1,0,7632,13312,13312,12288,,,,,,189,2,249,3,,1,81380,763,,0,0,0,0,0,,
1773730331351,14.702,S:CL P:48720 V:14144 D:7632 St:4 Tp:2 ZC:6787 SYN Miss:0 B:101 DC1:7637 IO:3000/3000/3000 FP:26797/BK:2/3 Cyc:14411 TpHR:189 ZcI:3 ZcIHR:203 PZcI:2 Ph:2 FL:2 Frc:0 eRPM:83556 D%:763,CL,48720,14144,7632,4,2,6787,1,0,1,0,1,7637,12288,12288,12288,,,,,,189,3,203,2,,0,83556,763,,0,0,0,0,0,,
1773730331450,14.802,S:CL P:48752 V:14176 D:7637 St:0 Tp:2 ZC:7605 SYN Miss:0 B:000 DC1:7632 IO:0000/0000/0000 FP:27616/BK:2/3 Cyc:20956 TpHR:186 ZcI:2 ZcIHR:250 PZcI:2 Ph:2 FL:2 Frc:1 eRPM:82236 D%:763,CL,48752,14176,7637,0,2,7605,1,0,0,0,0,7632,0,0,0,,,,,,186,2,250,2,,1,82236,763,,0,0,0,0,0,,
1773730331550,14.901,S:CL P:50080 V:14192 D:7836 St:2 Tp:2 ZC:8425 SYN Miss:0 B:100 DC1:7864 IO:3000/3000/3400 FP:28435/BK:2/3 Cyc:27498 TpHR:189 ZcI:2 ZcIHR:188 PZcI:2 Ph:0 FL:2 Frc:0 eRPM:88276 D%:796,CL,50080,14192,7836,2,2,8425,1,0,1,0,0,7864,12288,12288,13312,,,,,,189,2,188,2,,0,88276,796,,0,0,0,0,0,,
1773730331650,15.001,S:CL P:56512 V:14064 D:8738 St:4 Tp:2 ZC:9286 SYN Miss:0 B:010 DC1:8740 IO:3400/3400/3400 FP:29299/BK:2/3 Cyc:33913 TpHR:168 ZcI:2 ZcIHR:156 PZcI:3 Ph:0 FL:2 Frc:1 eRPM:91911 D%:874,CL,56512,14064,8738,4,2,9286,1,0,0,1,0,8740,13312,13312,13312,,,,,,168,2,156,3,,1,91911,874,,0,0,0,0,0,,
1773730331750,15.101,S:CL P:56624 V:14144 D:8745 St:0 Tp:2 ZC:10194 SYN Miss:0 B:101 DC1:8745 IO:0000/0000/0000 FP:30209/BK:2/3 Cyc:40146 TpHR:168 ZcI:3 ZcIHR:171 PZcI:2 Ph:2 FL:2 Frc:1 eRPM:92455 D%:874,CL,56624,14144,8745,0,2,10194,1,0,1,0,1,8745,0,0,0,,,,,,168,3,171,2,,1,92455,874,,0,0,0,0,0,,
1773730331849,15.2,S:CL P:56576 V:14128 D:8745 St:5 Tp:2 ZC:11104 SYN Miss:0 B:010 DC1:8747 IO:0000/0000/0000 FP:31119/BK:2/3 Cyc:46288 TpHR:165 ZcI:2 ZcIHR:172 PZcI:2 Ph:0 FL:2 Frc:0 eRPM:89798 D%:874,CL,56576,14128,8745,5,2,11104,1,0,0,1,0,8747,0,0,0,,,,,,165,2,172,2,,0,89798,874,,0,0,0,0,0,,
1773730331949,15.3,S:CL P:56624 V:14032 D:8749 St:4 Tp:2 ZC:12015 SYN Miss:0 B:010 DC1:8752 IO:3400/3000/3400 FP:32030/BK:2/3 Cyc:52431 TpHR:169 ZcI:3 ZcIHR:141 PZcI:2 Ph:0 FL:2 Frc:1 eRPM:91911 D%:874,CL,56624,14032,8749,4,2,12015,1,0,0,1,0,8752,13312,12288,13312,,,,,,169,3,141,2,,1,91911,874,,0,0,0,0,0,,
1773730332049,15.4,S:CL P:61376 V:14128 D:9442 St:0 Tp:2 ZC:12935 SYN Miss:0 B:101 DC1:9485 IO:3000/3000/3000 FP:32952/BK:2/3 Cyc:58547 TpHR:161 ZcI:2 ZcIHR:172 PZcI:2 Ph:0 FL:2 Frc:1 eRPM:97049 D%:959,CL,61376,14128,9442,0,2,12935,1,0,1,0,1,9485,12288,12288,12288,,,,,,161,2,172,2,,1,97049,959,,0,0,0,0,0,,
1773730332148,15.5,S:CL P:64944 V:14400 D:9799 St:0 Tp:2 ZC:13858 SYN Miss:0 B:010 DC1:9799 IO:3000/3400/3400 FP:33871/BK:2/3 Cyc:64742 TpHR:180 ZcI:2 ZcIHR:203 PZcI:2 Ph:1 FL:2 Frc:0 eRPM:85851 D%:979,CL,64944,14400,9799,0,2,13858,1,0,0,1,0,9799,12288,13312,13312,,,,,,180,2,203,2,,0,85851,979,,0,0,0,0,0,,
1773730332248,15.599,S:CL P:64960 V:14400 D:9799 St:5 Tp:2 ZC:14667 SYN Miss:0 B:101 DC1:9799 IO:3000/3000/3400 FP:34674/BK:2/3 Cyc:5825 TpHR:207 ZcI:2 ZcIHR:218 PZcI:2 Ph:1 FL:2 Frc:1 eRPM:74760 D%:979,CL,64960,14400,9799,5,2,14667,1,0,1,0,1,9799,12288,12288,13312,,,,,,207,2,218,2,,1,74760,979,,0,0,0,0,0,,
1773730332348,15.699,S:CL P:64928 V:14400 D:9799 St:4 Tp:2 ZC:15367 SYN Miss:0 B:010 DC1:9799 IO:0000/3000/3400 FP:35370/BK:2/3 Cyc:12878 TpHR:242 ZcI:4 ZcIHR:234 PZcI:4 Ph:0 FL:2 Frc:1 eRPM:64566 D%:979,CL,64928,14400,9799,4,2,15367,1,0,0,1,0,9799,0,12288,13312,,,,,,242,4,234,4,,1,64566,979,,0,0,0,0,0,,
1773730332448,15.799,S:CL P:64944 V:14384 D:9799 St:5 Tp:2 ZC:15967 SYN Miss:0 B:001 DC1:9799 IO:3400/3400/0000 FP:35966/BK:2/3 Cyc:20388 TpHR:283 ZcI:3 ZcIHR:297 PZcI:4 Ph:1 FL:2 Frc:1 eRPM:54632 D%:979,CL,64944,14384,9799,5,2,15967,1,0,0,0,1,9799,13312,13312,0,,,,,,283,3,297,4,,1,54632,979,,0,0,0,0,0,,
1773730332547,15.898,S:CL P:64960 V:14400 D:9799 St:2 Tp:2 ZC:16479 SYN Miss:0 B:011 DC1:9799 IO:3400/3000/3000 FP:36474/BK:2/3 Cyc:28300 TpHR:337 ZcI:5 ZcIHR:328 PZcI:4 Ph:1 FL:2 Frc:0 eRPM:46091 D%:979,CL,64960,14400,9799,2,2,16479,1,0,0,1,1,9799,13312,12288,12288,,,,,,337,5,328,4,,0,46091,979,,0,0,0,0,0,,
1773730332647,15.998,S:CL P:64944 V:14400 D:9799 St:2 Tp:2 ZC:16910 SYN Miss:0 B:101 DC1:9799 IO:0000/3400/3000 FP:36901/BK:2/3 Cyc:36528 TpHR:400 ZcI:5 ZcIHR:391 PZcI:6 Ph:1 FL:2 Frc:1 eRPM:39062 D%:979,CL,64944,14400,9799,2,2,16910,1,0,1,0,1,9799,0,13312,12288,,,,,,400,5,391,6,,1,39062,979,,0,0,0,0,0,,
1773730332747,16.098,S:CL P:64960 V:14368 D:9799 St:1 Tp:3 ZC:17269 SYN Miss:0 B:010 DC1:9799 IO:3000/0000/3400 FP:37257/BK:2/3 Cyc:45031 TpHR:486 ZcI:7 ZcIHR:500 PZcI:7 Ph:0 FL:2 Frc:0 eRPM:31822 D%:979,CL,64960,14368,9799,1,3,17269,1,0,0,1,0,9799,12288,0,13312,,,,,,486,7,500,7,,0,31822,979,,0,0,0,0,0,,
1773730332846,16.198,S:CL P:64944 V:14384 D:9799 St:5 Tp:5 ZC:17561 SYN Miss:0 B:101 DC1:9799 IO:3000/3000/3000 FP:37546/BK:2/3 Cyc:53525 TpHR:606 ZcI:7 ZcIHR:610 PZcI:7 Ph:0 FL:2 Frc:1 eRPM:25912 D%:979,CL,64944,14384,9799,5,5,17561,1,0,1,0,1,9799,12288,12288,12288,,,,,,606,7,610,7,,1,25912,979,,0,0,0,0,0,,
1773730332946,16.297,S:CL P:64944 V:14384 D:9799 St:5 Tp:7 ZC:17794 SYN Miss:0 B:110 DC1:9799 IO:3000/3000/3000 FP:37777/BK:2/3 Cyc:61047 TpHR:766 ZcI:11 ZcIHR:782 PZcI:10 Ph:1 FL:2 Frc:1 eRPM:20265 D%:979,CL,64944,14384,9799,5,7,17794,1,0,1,1,0,9799,12288,12288,12288,,,,,,766,11,782,10,,1,20265,979,,0,0,0,0,0,,
1773730333046,16.397,S:CL P:64992 V:14384 D:9799 St:0 Tp:10 ZC:17975 SYN Miss:0 B:010 DC1:9799 IO:0000/3400/0000 FP:37955/BK:2/3 Cyc:2487 TpHR:1011 ZcI:14 ZcIHR:1062 PZcI:13 Ph:1 FL:2 Frc:0 eRPM:15169 D%:979,CL,64992,14384,9799,0,10,17975,1,0,0,1,0,9799,0,13312,0,,,,,,1011,14,1062,13,,0,15169,979,,0,0,0,0,0,,
1773730333146,16.497,S:CL P:64960 V:14384 D:9799 St:1 Tp:15 ZC:18108 SYN Miss:0 B:110 DC1:9799 IO:0000/3400/0000 FP:38086/BK:2/3 Cyc:8878 TpHR:1414 ZcI:18 ZcIHR:1453 PZcI:18 Ph:2 FL:2 Frc:0 eRPM:10738 D%:979,CL,64960,14384,9799,1,15,18108,1,0,1,1,0,9799,0,13312,0,,,,,,1414,18,1453,18,,0,10738,979,,0,0,0,0,0,,
1773730333246,16.597,S:CL P:64928 V:14384 D:9799 St:2 Tp:26 ZC:18199 SYN Miss:0 B:110 DC1:9799 IO:0000/3400/3000 FP:38175/BK:2/3 Cyc:14722 TpHR:2213 ZcI:31 ZcIHR:2110 PZcI:31 Ph:1 FL:4 Frc:1 eRPM:6997 D%:979,CL,64928,14384,9799,2,26,18199,1,0,1,1,0,9799,0,13312,12288,,,,,,2213,31,2110,31,,1,6997,979,,0,0,0,0,0,,
1773730333345,16.696,S:CL P:64928 V:14368 D:9799 St:2 Tp:50 ZC:18251 SYN Miss:0 B:011 DC1:9799 IO:3400/0000/3400 FP:38226/BK:2/3 Cyc:20417 TpHR:4122 ZcI:58 ZcIHR:4109 PZcI:58 Ph:1 FL:8 Frc:1 eRPM:3753 D%:979,CL,64928,14368,9799,2,50,18251,1,0,0,1,1,9799,13312,0,13312,,,,,,4122,58,4109,58,,1,3753,979,,0,0,0,0,0,,
1773730333445,16.796,S:CL P:64976 V:14384 D:9799 St:2 Tp:58 ZC:1143 SYN Miss:1 B:101 DC1:9799 IO:3400/0000/3000 FP:38244/BK:2/3 Cyc:27900 TpHR:4382 ZcI:369 ZcIHR:28797 PZcI:43 Ph:2 FL:8 Frc:0 eRPM:3775 D%:979,CL,64976,14384,9799,2,58,1143,1,1,1,0,1,9799,13312,0,12288,,,,,,4382,369,28797,43,,0,3775,979,,0,0,0,0,0,,
1773730333544,16.895,S:CL P:64928 V:14352 D:2969 St:5 Tp:61 ZC:2 --- Miss:0 B:101 DC1:2239 IO:3000/3400/0000 FP:38262/BK:2/3 Cyc:35720 TpHR:3045 ZcI:38 ZcIHR:2985 PZcI:42 Ph:0 FL:8 Frc:3 eRPM:5131 D%:99,CL,64928,14352,2969,5,61,2,0,0,1,0,1,2239,12288,13312,0,,,,,,3045,38,2985,42,,3,5131,99,,0,0,0,0,0,,
1773730333644,16.995,S:CL P:64976 V:14384 D:999 St:3 Tp:113 ZC:0 --- Miss:0 B:101 DC1:999 IO:3000/0000/3400 FP:38275/BK:2/3 Cyc:43068 TpHR:4770 ZcI:75 ZcIHR:5453 PZcI:75 Ph:0 FL:8 Frc:1 eRPM:3131 D%:99,CL,64976,14384,999,3,113,0,0,0,1,0,1,999,12288,0,13312,,,,,,4770,75,5453,75,,1,3131,99,,0,0,0,0,0,,
1773730333744,17.095,S:CL P:64992 V:14384 D:999 St:4 Tp:190 ZC:1 --- Miss:0 B:101 DC1:999 IO:3000/0000/3400 FP:38284/BK:2/3 Cyc:50379 TpHR:7026 ZcI:112 ZcIHR:8734 PZcI:561 Ph:0 FL:8 Frc:0 eRPM:2119 D%:99,CL,64992,14384,999,4,190,1,0,0,1,0,1,999,12288,0,13312,,,,,,7026,112,8734,561,,0,2119,99,,0,0,0,0,0,,
1773730333843,17.194,S:CL P:64960 V:14384 D:999 St:5 Tp:224 ZC:2 --- Miss:0 B:101 DC1:999 IO:0000/3000/3400 FP:38291/BK:2/3 Cyc:57205 TpHR:9653 ZcI:136 ZcIHR:10625 PZcI:147 Ph:0 FL:8 Frc:1 eRPM:1618 D%:99,CL,64960,14384,999,5,224,2,0,0,1,0,1,999,0,12288,13312,,,,,,9653,136,10625,147,,1,1618,99,,0,0,0,0,0,,
1773730333943,17.294,S:CL P:64944 V:14384 D:999 St:3 Tp:295 ZC:0 --- Miss:2 B:101 DC1:999 IO:3400/0000/3000 FP:38295/BK:2/3 Cyc:65159 TpHR:11075 ZcI:156 ZcIHR:12203 PZcI:169 Ph:0 FL:8 Frc:4 eRPM:1410 D%:99,CL,64944,14384,999,3,295,0,0,2,1,0,1,999,13312,0,12288,,,,,,11075,156,12203,169,,4,1410,99,,0,0,0,0,0,,
1773730334043,17.394,S:CL P:64944 V:14368 D:999 St:5 Tp:341 ZC:2 --- Miss:0 B:101 DC1:999 IO:0000/3400/3000 FP:38301/BK:2/3 Cyc:5672 TpHR:14674 ZcI:206 ZcIHR:16141 PZcI:224 Ph:0 FL:8 Frc:1 eRPM:1064 D%:99,CL,64944,14368,999,5,341,2,0,0,1,0,1,999,0,13312,12288,,,,,,14674,206,16141,224,,1,1064,99,,0,0,0,0,0,,
1773730334142,17.494,S:CL P:64928 V:14352 D:999 St:1 Tp:355 ZC:3 --- Miss:0 B:101 DC1:999 IO:3000/3400/0000 FP:38304/BK:2/3 Cyc:12630 TpHR:16837 ZcI:237 ZcIHR:18547 PZcI:257 Ph:1 FL:8 Frc:1 eRPM:928 D%:99,CL,64928,14352,999,1,355,3,0,0,1,0,1,999,12288,13312,0,,,,,,16837,237,18547,257,,1,928,99,,0,0,0,0,0,,
1773730334242,17.593,S:CL P:64960 V:14368 D:999 St:0 Tp:410 ZC:3 --- Miss:0 B:101 DC1:999 IO:3000/3400/0000 FP:38307/BK:2/3 Cyc:19543 TpHR:19368 ZcI:274 ZcIHR:21407 PZcI:296 Ph:1 FL:8 Frc:1 eRPM:806 D%:99,CL,64960,14368,999,0,410,3,0,0,1,0,1,999,12288,13312,0,,,,,,19368,274,21407,296,,1,806,99,,0,0,0,0,0,,
1773730334342,17.693,S:CL P:64944 V:14384 D:999 St:5 Tp:520 ZC:2 --- Miss:0 B:101 DC1:999 IO:0000/3000/3400 FP:38309/BK:2/3 Cyc:27004 TpHR:17222 ZcI:336 ZcIHR:26187 PZcI:1679 Ph:2 FL:8 Frc:0 eRPM:827 D%:99,CL,64944,14384,999,5,520,2,0,0,1,0,1,999,0,12288,13312,,,,,,17222,336,26187,1679,,0,827,99,,0,0,0,0,0,,
1773730334442,17.793,S:CL P:64960 V:14368 D:999 St:4 Tp:668 ZC:1 --- Miss:0 B:101 DC1:999 IO:3000/0000/3400 FP:38311/BK:2/3 Cyc:34739 TpHR:18873 ZcI:1660 ZcIHR:64182 PZcI:305 Ph:0 FL:8 Frc:1 eRPM:827 D%:99,CL,64960,14368,999,4,668,1,0,0,1,0,1,999,12288,0,13312,,,,,,18873,1660,64182,305,,1,827,99,,0,0,0,0,0,,
1773730334541,17.892,S:CL P:64944 V:14384 D:999 St:3 Tp:680 ZC:0 --- Miss:2 B:101 DC1:999 IO:3400/0000/3000 FP:38313/BK:2/3 Cyc:41950 TpHR:20932 ZcI:347 ZcIHR:27110 PZcI:383 Ph:1 FL:8 Frc:3 eRPM:746 D%:99,CL,64944,14384,999,3,680,0,0,2,1,0,1,999,13312,0,12288,,,,,,20932,347,27110,383,,3,746,99,,0,0,0,0,0,,
1773730334641,17.992,S:CL P:64960 V:14384 D:999 St:1 Tp:615 ZC:3 --- Miss:0 B:101 DC1:999 IO:3000/3400/0000 FP:38316/BK:2/3 Cyc:47324 TpHR:23225 ZcI:394 ZcIHR:30782 PZcI:435 Ph:1 FL:8 Frc:2 eRPM:672 D%:99,CL,64960,14384,999,1,615,3,0,0,1,0,1,999,12288,13312,0,,,,,,23225,394,30782,435,,2,672,99,,0,0,0,0,0,,
1773730334741,18.092,S:CL P:64992 V:14384 D:999 St:5 Tp:740 ZC:2 --- Miss:0 B:101 DC1:999 IO:0000/3000/3400 FP:38318/BK:2/3 Cyc:54621 TpHR:23225 ZcI:560 ZcIHR:43797 PZcI:2149 Ph:2 FL:8 Frc:0 eRPM:672 D%:99,CL,64992,14384,999,5,740,2,0,0,1,0,1,999,0,12288,13312,,,,,,23225,560,43797,2149,,0,672,99,,0,0,0,0,0,,
1773730334840,18.191,S:CL P:64960 V:14368 D:999 St:3 Tp:800 ZC:0 --- Miss:2 B:101 DC1:999 IO:3400/0000/3000 FP:38319/BK:2/3 Cyc:62258 TpHR:25809 ZcI:430 ZcIHR:33563 PZcI:560 Ph:1 FL:8 Frc:3 eRPM:605 D%:99,CL,64960,14368,999,3,800,0,0,2,1,0,1,999,13312,0,12288,,,,,,25809,430,33563,560,,3,605,99,,0,0,0,0,0,,
1773730334940,18.291,S:CL P:64976 V:14384 D:999 St:0 Tp:679 ZC:3 --- Miss:0 B:101 DC1:999 IO:3000/3400/0000 FP:38322/BK:2/3 Cyc:1644 TpHR:27876 ZcI:437 ZcIHR:34079 PZcI:560 Ph:1 FL:8 Frc:1 eRPM:560 D%:99,CL,64976,14384,999,0,679,3,0,0,1,0,1,999,12288,13312,0,,,,,,27876,437,34079,560,,1,560,99,,0,0,0,0,0,,
1773730335040,18.391,S:CL P:64944 V:14384 D:999 St:3 Tp:800 ZC:0 --- Miss:2 B:101 DC1:999 IO:3400/0000/3000 FP:38322/BK:2/3 Cyc:11644 TpHR:27876 ZcI:437 ZcIHR:34079 PZcI:560 Ph:0 FL:8 Frc:4 eRPM:560 D%:99,CL,64944,14384,999,3,800,0,0,2,1,0,1,999,13312,0,12288,,,,,,27876,437,34079,560,,4,560,99,,0,0,0,0,0,,
1773730335139,18.49,S:CL P:64960 V:14384 D:999 St:1 Tp:680 ZC:3 --- Miss:0 B:101 DC1:999 IO:3000/3400/0000 FP:38325/BK:2/3 Cyc:16562 TpHR:29528 ZcI:442 ZcIHR:34484 PZcI:560 Ph:1 FL:8 Frc:1 eRPM:529 D%:99,CL,64960,14384,999,1,680,3,0,0,1,0,1,999,12288,13312,0,,,,,,29528,442,34484,560,,1,529,99,,0,0,0,0,0,,
1773730335239,18.59,S:CL P:64992 V:14384 D:999 St:4 Tp:800 ZC:0 --- Miss:0 B:101 DC1:999 IO:3000/0000/3400 FP:38326/BK:2/3 Cyc:26076 TpHR:29528 ZcI:2678 ZcIHR:34484 PZcI:442 Ph:2 FL:8 Frc:0 eRPM:529 D%:99,CL,64992,14384,999,4,800,0,0,0,1,0,1,999,12288,0,13312,,,,,,29528,2678,34484,442,,0,529,99,,0,0,0,0,0,,
1773730335484,18.835,S:IDLE P:64912 V:14576 D:0 St:0,IDLE,64912,14576,0,0,,,,,,,,,,,,,,,,,,,,,,,,,,0,0,0,0,0,,
1773730335584,18.935,S:IDLE P:64896 V:14576 D:0 St:0,IDLE,64896,14576,0,0,,,,,,,,,,,,,,,,,,,,,,,,,,0,0,0,0,0,,
1773730335683,19.035,S:IDLE P:64976 V:14592 D:0 St:0,IDLE,64976,14592,0,0,,,,,,,,,,,,,,,,,,,,,,,,,,0,0,0,0,0,,
1773730335783,19.134,S:IDLE P:64928 V:14576 D:0 St:0,IDLE,64928,14576,0,0,,,,,,,,,,,,,,,,,,,,,,,,,,0,0,0,0,0,,
1773730335883,19.234,S:IDLE P:64944 V:14592 D:0 St:0,IDLE,64944,14592,0,0,,,,,,,,,,,,,,,,,,,,,,,,,,0,0,0,0,0,,
1773730335982,19.333,S:IDLE P:64960 V:14592 D:0 St:0,IDLE,64960,14592,0,0,,,,,,,,,,,,,,,,,,,,,,,,,,0,0,0,0,0,,
1773730336082,19.433,S:IDLE P:64944 V:14576 D:0 St:0,IDLE,64944,14576,0,0,,,,,,,,,,,,,,,,,,,,,,,,,,0,0,0,0,0,,
1773730336182,19.533,S:IDLE P:64928 V:14576 D:0 St:0,IDLE,64928,14576,0,0,,,,,,,,,,,,,,,,,,,,,,,,,,0,0,0,0,0,,
1773730336281,19.632,S:IDLE P:64928 V:14592 D:0 St:0,IDLE,64928,14592,0,0,,,,,,,,,,,,,,,,,,,,,,,,,,0,0,0,0,0,,
1773730336381,19.732,S:IDLE P:64928 V:14592 D:0 St:0,IDLE,64928,14592,0,0,,,,,,,,,,,,,,,,,,,,,,,,,,0,0,0,0,0,,
1773730336481,19.832,S:IDLE P:64944 V:14592 D:0 St:0,IDLE,64944,14592,0,0,,,,,,,,,,,,,,,,,,,,,,,,,,0,0,0,0,0,,
1773730336580,19.932,S:IDLE P:64912 V:14576 D:0 St:0,IDLE,64912,14576,0,0,,,,,,,,,,,,,,,,,,,,,,,,,,0,0,0,0,0,,
1773730336680,20.031,S:IDLE P:64912 V:14576 D:0 St:0,IDLE,64912,14576,0,0,,,,,,,,,,,,,,,,,,,,,,,,,,0,0,0,0,0,,
1773730336780,20.131,S:IDLE P:64928 V:14576 D:0 St:0,IDLE,64928,14576,0,0,,,,,,,,,,,,,,,,,,,,,,,,,,0,0,0,0,0,,
1773730336879,20.231,S:IDLE P:64960 V:14592 D:0 St:0,IDLE,64960,14592,0,0,,,,,,,,,,,,,,,,,,,,,,,,,,0,0,0,0,0,,
1773730336979,20.33,S:IDLE P:64912 V:14576 D:0 St:0,IDLE,64912,14576,0,0,,,,,,,,,,,,,,,,,,,,,,,,,,0,0,0,0,0,,
1773730337079,20.43,S:IDLE P:64912 V:14576 D:0 St:0,IDLE,64912,14576,0,0,,,,,,,,,,,,,,,,,,,,,,,,,,0,0,0,0,0,,
1773730337178,20.53,S:IDLE P:64928 V:14576 D:0 St:0,IDLE,64928,14576,0,0,,,,,,,,,,,,,,,,,,,,,,,,,,0,0,0,0,0,,
1773730337278,20.629,S:IDLE P:64912 V:14576 D:0 St:0,IDLE,64912,14576,0,0,,,,,,,,,,,,,,,,,,,,,,,,,,0,0,0,0,0,,
1773730337378,20.729,S:IDLE P:64912 V:14576 D:0 St:0,IDLE,64912,14576,0,0,,,,,,,,,,,,,,,,,,,,,,,,,,0,0,0,0,0,,
1773730337478,20.829,S:IDLE P:64960 V:14592 D:0 St:0,IDLE,64960,14592,0,0,,,,,,,,,,,,,,,,,,,,,,,,,,0,0,0,0,0,,
1773730337577,20.928,S:IDLE P:64944 V:14576 D:0 St:0,IDLE,64944,14576,0,0,,,,,,,,,,,,,,,,,,,,,,,,,,0,0,0,0,0,,
1773730337677,21.028,S:IDLE P:64896 V:14576 D:0 St:0,IDLE,64896,14576,0,0,,,,,,,,,,,,,,,,,,,,,,,,,,0,0,0,0,0,,
1773730337776,21.128,S:IDLE P:64960 V:14576 D:0 St:0,IDLE,64960,14576,0,0,,,,,,,,,,,,,,,,,,,,,,,,,,0,0,0,0,0,,
1773730337876,21.227,S:IDLE P:64912 V:14576 D:0 St:0,IDLE,64912,14576,0,0,,,,,,,,,,,,,,,,,,,,,,,,,,0,0,0,0,0,,
1773730337976,21.327,S:IDLE P:64960 V:14576 D:0 St:0,IDLE,64960,14576,0,0,,,,,,,,,,,,,,,,,,,,,,,,,,0,0,0,0,0,,
