timestamp_ms,elapsed_s,raw_line,state,pot,vbus,duty,step,tp,zc_count,synced,missed,bemf_a,bemf_b,bemf_c,dc1,io1,io2,io3,ic_accepted,ic_false,ic_captures,ic_chatter,tp_hr,zc_interval,zc_interval_hr,prev_zc_interval,ic_phase,forced_steps,erpm,duty_pct_x10,fault_code,d_ic_accepted,d_ic_false,d_ic_captures,d_ic_chatter,ic_accept_rate,ic_false_rate
1773553143848,0.404,S:IDLE P:0 V:14176 D:0 St:0,IDLE,0,14176,0,0,,,,,,,,,,,,,,,,,,,,,,,,,0,0,0,0,,
1773553143849,0.404,S:IDLE P:0 V:14176 D:0 St:0,IDLE,0,14176,0,0,,,,,,,,,,,,,,,,,,,,,,,,,0,0,0,0,,
1773553143948,0.504,S:IDLE P:0 V:14160 D:0 St:0,IDLE,0,14160,0,0,,,,,,,,,,,,,,,,,,,,,,,,,0,0,0,0,,
1773553144048,0.603,S:IDLE P:0 V:14176 D:0 St:0,IDLE,0,14176,0,0,,,,,,,,,,,,,,,,,,,,,,,,,0,0,0,0,,
1773553144147,0.703,S:IDLE P:0 V:14144 D:0 St:0,IDLE,0,14144,0,0,,,,,,,,,,,,,,,,,,,,,,,,,0,0,0,0,,
1773553144247,0.803,S:IDLE P:0 V:14160 D:0 St:0,IDLE,0,14160,0,0,,,,,,,,,,,,,,,,,,,,,,,,,0,0,0,0,,
1773553144347,0.902,S:IDLE P:0 V:14176 D:0 St:0,IDLE,0,14176,0,0,,,,,,,,,,,,,,,,,,,,,,,,,0,0,0,0,,
1773553144446,1.002,S:IDLE P:0 V:14160 D:0 St:0,IDLE,0,14160,0,0,,,,,,,,,,,,,,,,,,,,,,,,,0,0,0,0,,
1773553144546,1.101,S:IDLE P:0 V:14160 D:0 St:0,IDLE,0,14160,0,0,,,,,,,,,,,,,,,,,,,,,,,,,0,0,0,0,,
1773553144645,1.201,S:IDLE P:0 V:14176 D:0 St:0,IDLE,0,14176,0,0,,,,,,,,,,,,,,,,,,,,,,,,,0,0,0,0,,
1773553144745,1.3,S:IDLE P:0 V:14176 D:0 St:0,IDLE,0,14176,0,0,,,,,,,,,,,,,,,,,,,,,,,,,0,0,0,0,,
1773553144844,1.4,S:IDLE P:0 V:14160 D:0 St:0,IDLE,0,14160,0,0,,,,,,,,,,,,,,,,,,,,,,,,,0,0,0,0,,
1773553144944,1.5,S:IDLE P:0 V:14176 D:0 St:0,IDLE,0,14176,0,0,,,,,,,,,,,,,,,,,,,,,,,,,0,0,0,0,,
1773553145044,1.599,S:IDLE P:0 V:14176 D:0 St:0,IDLE,0,14176,0,0,,,,,,,,,,,,,,,,,,,,,,,,,0,0,0,0,,
1773553145143,1.699,S:IDLE P:0 V:14160 D:0 St:0,IDLE,0,14160,0,0,,,,,,,,,,,,,,,,,,,,,,,,,0,0,0,0,,
1773553145243,1.798,S:IDLE P:0 V:14176 D:0 St:0,IDLE,0,14176,0,0,,,,,,,,,,,,,,,,,,,,,,,,,0,0,0,0,,
1773553145342,1.898,S:IDLE P:0 V:14176 D:0 St:0,IDLE,0,14176,0,0,,,,,,,,,,,,,,,,,,,,,,,,,0,0,0,0,,
1773553145442,1.997,S:IDLE P:0 V:14160 D:0 St:0,IDLE,0,14160,0,0,,,,,,,,,,,,,,,,,,,,,,,,,0,0,0,0,,
1773553145541,2.097,S:IDLE P:0 V:14176 D:0 St:0,IDLE,0,14176,0,0,,,,,,,,,,,,,,,,,,,,,,,,,0,0,0,0,,
1773553145641,2.197,S:IDLE P:0 V:14160 D:0 St:0,IDLE,0,14160,0,0,,,,,,,,,,,,,,,,,,,,,,,,,0,0,0,0,,
1773553145741,2.296,S:IDLE P:0 V:14160 D:0 St:0,IDLE,0,14160,0,0,,,,,,,,,,,,,,,,,,,,,,,,,0,0,0,0,,
1773553145840,2.396,S:IDLE P:0 V:14176 D:0 St:0,IDLE,0,14176,0,0,,,,,,,,,,,,,,,,,,,,,,,,,0,0,0,0,,
1773553145940,2.495,S:IDLE P:0 V:14176 D:0 St:0,IDLE,0,14176,0,0,,,,,,,,,,,,,,,,,,,,,,,,,0,0,0,0,,
1773553146039,2.595,S:IDLE P:0 V:14160 D:0 St:0,IDLE,0,14160,0,0,,,,,,,,,,,,,,,,,,,,,,,,,0,0,0,0,,
1773553146139,2.695,S:IDLE P:0 V:14176 D:0 St:0,IDLE,0,14176,0,0,,,,,,,,,,,,,,,,,,,,,,,,,0,0,0,0,,
1773553146239,2.794,S:IDLE P:0 V:14160 D:0 St:0,IDLE,0,14160,0,0,,,,,,,,,,,,,,,,,,,,,,,,,0,0,0,0,,
1773553146338,2.894,S:IDLE P:0 V:14176 D:0 St:0,IDLE,0,14176,0,0,,,,,,,,,,,,,,,,,,,,,,,,,0,0,0,0,,
1773553146438,2.993,S:IDLE P:0 V:14176 D:0 St:0,IDLE,0,14176,0,0,,,,,,,,,,,,,,,,,,,,,,,,,0,0,0,0,,
1773553146537,3.093,S:IDLE P:0 V:14176 D:0 St:0,IDLE,0,14176,0,0,,,,,,,,,,,,,,,,,,,,,,,,,0,0,0,0,,
1773553146637,3.192,S:IDLE P:0 V:14160 D:0 St:0,IDLE,0,14160,0,0,,,,,,,,,,,,,,,,,,,,,,,,,0,0,0,0,,
1773553146736,3.292,S:IDLE P:0 V:14160 D:0 St:0,IDLE,0,14160,0,0,,,,,,,,,,,,,,,,,,,,,,,,,0,0,0,0,,
1773553146982,3.537,S:ARMED P:0 V:14304 D:200 St:0,ARMED,0,14304,200,0,,,,,,,,,,,,,,,,,,,,,,,,,0,0,0,0,,
1773553147341,3.897,S:OL_RAMP P:0 V:14192 D:592 St:2 Tp:363 ZC:10 SYN Miss:0 B:110 DC1:592 IO:3400/0000/3000 IC:0/0/0/0 TpHR:0 ZcI:235 ZcIHR:0 PZcI:415 ICph:0 Frc:1 eRPM:558 D%:64,OL_RAMP,0,14192,592,2,363,10,1,0,1,1,0,592,13312,0,12288,0,0,0,0,0,235,0,415,0,1,558,64,,0,0,0,0,,
1773553147441,3.997,S:OL_RAMP P:0 V:14112 D:886 St:2 Tp:259 ZC:26 SYN Miss:0 B:101 DC1:886 IO:3400/0000/3000 IC:0/0/0/0 TpHR:0 ZcI:135 ZcIHR:0 PZcI:157 ICph:0 Frc:0 eRPM:803 D%:93,OL_RAMP,0,14112,886,2,259,26,1,0,1,0,1,886,13312,0,12288,0,0,0,0,0,135,0,157,0,0,803,93,,0,0,0,0,,
1773553147541,4.096,S:OL_RAMP P:0 V:13968 D:1278 St:0 Tp:196 ZC:44 SYN Miss:0 B:011 DC1:1278 IO:3000/3400/0000 IC:0/0/0/0 TpHR:0 ZcI:75 ZcIHR:0 PZcI:81 ICph:0 Frc:0 eRPM:1041 D%:132,OL_RAMP,0,13968,1278,0,196,44,1,0,0,1,1,1278,12288,13312,0,0,0,0,0,0,75,0,81,0,0,1041,132,,0,0,0,0,,
1773553147640,4.196,S:OL_RAMP P:0 V:13824 D:1666 St:3 Tp:141 ZC:72 SYN Miss:0 B:101 DC1:1666 IO:0000/3000/3400 IC:0/0/0/0 TpHR:0 ZcI:65 ZcIHR:0 PZcI:65 ICph:0 Frc:0 eRPM:1438 D%:166,OL_RAMP,0,13824,1666,3,141,72,1,0,1,0,1,1666,0,12288,13312,0,0,0,0,0,65,0,65,0,0,1438,166,,0,0,0,0,,
1773553147740,4.295,S:OL_RAMP P:0 V:13920 D:1666 St:0 Tp:121 ZC:105 SYN Miss:0 B:011 DC1:1666 IO:3400/3000/0000 IC:0/0/0/0 TpHR:0 ZcI:55 ZcIHR:0 PZcI:55 ICph:0 Frc:0 eRPM:1680 D%:166,OL_RAMP,0,13920,1666,0,121,105,1,0,0,1,1,1666,13312,12288,0,0,0,0,0,0,55,0,55,0,0,1680,166,,0,0,0,0,,
1773553147839,4.395,S:OL_RAMP P:0 V:13920 D:1666 St:2 Tp:120 ZC:143 SYN Miss:0 B:100 DC1:1666 IO:3000/0000/3400 IC:0/0/0/0 TpHR:0 ZcI:47 ZcIHR:0 PZcI:47 ICph:0 Frc:0 eRPM:2000 D%:166,OL_RAMP,0,13920,1666,2,120,143,1,0,1,0,0,1666,12288,0,13312,0,0,0,0,0,47,0,47,0,0,2000,166,,0,0,0,0,,
1773553147939,4.495,S:OL_RAMP P:0 V:13824 D:1666 St:4 Tp:92 ZC:187 SYN Miss:0 B:100 DC1:1666 IO:0000/3400/3000 IC:0/0/0/0 TpHR:0 ZcI:42 ZcIHR:0 PZcI:45 ICph:0 Frc:0 eRPM:1886 D%:166,OL_RAMP,0,13824,1666,4,92,187,1,0,1,0,0,1666,0,13312,12288,0,0,0,0,0,42,0,45,0,0,1886,166,,0,0,0,0,,
1773553148039,4.594,S:OL_RAMP P:0 V:13872 D:1666 St:5 Tp:94 ZC:236 SYN Miss:0 B:001 DC1:1666 IO:3000/3000/0000 IC:0/0/0/0 TpHR:0 ZcI:36 ZcIHR:0 PZcI:36 ICph:0 Frc:0 eRPM:1801 D%:166,OL_RAMP,0,13872,1666,5,94,236,1,0,0,0,1,1666,12288,12288,0,0,0,0,0,0,36,0,36,0,0,1801,166,,0,0,0,0,,
1773553148138,4.694,S:OL_RAMP P:0 V:13840 D:1666 St:3 Tp:66 ZC:294 SYN Miss:0 B:101 DC1:1666 IO:0000/3400/3000 IC:0/0/0/0 TpHR:0 ZcI:31 ZcIHR:0 PZcI:31 ICph:0 Frc:0 eRPM:3125 D%:166,OL_RAMP,0,13840,1666,3,66,294,1,0,1,0,1,1666,0,13312,12288,0,0,0,0,0,31,0,31,0,0,3125,166,,0,0,0,0,,
1773553148238,4.793,S:OL_RAMP P:0 V:13872 D:1666 St:5 Tp:69 ZC:368 SYN Miss:0 B:011 DC1:1666 IO:3400/3000/3000 IC:0/0/0/0 TpHR:0 ZcI:22 ZcIHR:0 PZcI:22 ICph:0 Frc:0 eRPM:5000 D%:166,OL_RAMP,0,13872,1666,5,69,368,1,0,0,1,1,1666,13312,12288,12288,0,0,0,0,0,22,0,22,0,0,5000,166,,0,0,0,0,,
1773553148495,5.051,S:CL P:0 V:14288 D:999 St:1 Tp:18 ZC:690 SYN Miss:0 B:011 DC1:999 IO:0000/3400/3000 IC:298/25/2869/2578 TpHR:1503 ZcI:13 ZcIHR:1640 PZcI:21 ICph:1 Frc:1 eRPM:11764 D%:99,CL,0,14288,999,1,18,690,1,0,0,1,1,999,0,13312,12288,298,25,2869,2578,1503,13,1640,21,1,1,11764,99,,298,25,2869,2578,10.4,0.9
1773553148595,5.15,S:CL P:0 V:14320 D:999 St:5 Tp:18 ZC:791 SYN Miss:0 B:011 DC1:999 IO:3400/0000/3400 IC:404/30/4206/3804 TpHR:1469 ZcI:17 ZcIHR:1326 PZcI:17 ICph:2 Frc:0 eRPM:11764 D%:99,CL,0,14320,999,5,18,791,1,0,0,1,1,999,13312,0,13312,404,30,4206,3804,1469,17,1326,17,2,0,11764,99,,106,5,1337,1226,7.9,0.4
1773553148694,5.25,S:CL P:0 V:14304 D:999 St:2 Tp:18 ZC:891 SYN Miss:0 B:111 DC1:999 IO:0000/3400/0000 IC:509/35/5554/5050 TpHR:1478 ZcI:21 ZcIHR:1171 PZcI:15 ICph:3 Frc:1 eRPM:11764 D%:99,CL,0,14304,999,2,18,891,1,0,1,1,1,999,0,13312,0,509,35,5554,5050,1478,21,1171,15,3,1,11764,99,,105,5,1348,1246,7.8,0.4
1773553148794,5.35,S:CL P:0 V:14304 D:999 St:0 Tp:18 ZC:993 SYN Miss:0 B:101 DC1:999 IO:3000/0000/3400 IC:615/39/6889/6279 TpHR:1494 ZcI:17 ZcIHR:1799 PZcI:23 ICph:1 Frc:0 eRPM:11764 D%:99,CL,0,14304,999,0,18,993,1,0,1,0,1,999,12288,0,13312,615,39,6889,6279,1494,17,1799,23,1,0,11764,99,,106,4,1335,1229,7.9,0.3
1773553148894,5.449,S:CL P:0 V:14304 D:999 St:3 Tp:17 ZC:1093 SYN Miss:0 B:110 DC1:999 IO:3000/3000/0000 IC:720/43/8228/7514 TpHR:1457 ZcI:16 ZcIHR:1876 PZcI:24 ICph:2 Frc:0 eRPM:11764 D%:99,CL,0,14304,999,3,17,1093,1,0,1,1,0,999,12288,12288,0,720,43,8228,7514,1457,16,1876,24,2,0,11764,99,,105,4,1339,1235,7.8,0.3
1773553148993,5.549,S:CL P:0 V:14272 D:999 St:0 Tp:18 ZC:1195 SYN Miss:0 B:011 DC1:999 IO:3000/3000/3400 IC:825/48/9561/8743 TpHR:1479 ZcI:23 ZcIHR:1094 PZcI:14 ICph:3 Frc:1 eRPM:11764 D%:99,CL,0,14272,999,0,18,1195,1,0,0,1,1,999,12288,12288,13312,825,48,9561,8743,1479,23,1094,14,3,1,11764,99,,105,5,1333,1229,7.9,0.4
1773553149093,5.649,S:CL P:0 V:14256 D:999 St:4 Tp:18 ZC:1294 SYN Miss:0 B:101 DC1:999 IO:3400/3000/3000 IC:931/53/10902/9974 TpHR:1441 ZcI:24 ZcIHR:1248 PZcI:24 ICph:2 Frc:0 eRPM:11764 D%:99,CL,0,14256,999,4,18,1294,1,0,1,0,1,999,13312,12288,12288,931,53,10902,9974,1441,24,1248,24,2,0,11764,99,,106,5,1341,1231,7.9,0.4
1773553149193,5.748,S:CL P:0 V:14256 D:999 St:1 Tp:18 ZC:1395 SYN Miss:0 B:011 DC1:999 IO:0000/3400/3000 IC:1036/58/12233/11206 TpHR:1486 ZcI:14 ZcIHR:1639 PZcI:21 ICph:3 Frc:1 eRPM:11764 D%:99,CL,0,14256,999,1,18,1395,1,0,0,1,1,999,0,13312,12288,1036,58,12233,11206,1486,14,1639,21,3,1,11764,99,,105,5,1331,1232,7.9,0.4
1773553149292,5.848,S:CL P:0 V:14272 D:999 St:4 Tp:17 ZC:1498 SYN Miss:0 B:101 DC1:999 IO:3400/3000/3000 IC:1141/60/13577/12443 TpHR:1453 ZcI:24 ZcIHR:1326 PZcI:17 ICph:3 Frc:1 eRPM:11764 D%:99,CL,0,14272,999,4,17,1498,1,0,1,0,1,999,13312,12288,12288,1141,60,13577,12443,1453,24,1326,17,3,1,11764,99,,105,2,1344,1237,7.8,0.1
1773553149392,5.947,S:CL P:0 V:14256 D:999 St:1 Tp:18 ZC:1600 SYN Miss:0 B:010 DC1:999 IO:0000/3400/3000 IC:1246/63/14913/13676 TpHR:1504 ZcI:15 ZcIHR:1563 PZcI:20 ICph:3 Frc:1 eRPM:11764 D%:99,CL,0,14256,999,1,18,1600,1,0,0,1,0,999,0,13312,12288,1246,63,14913,13676,1504,15,1563,20,3,1,11764,99,,105,3,1336,1233,7.9,0.2
1773553149491,6.047,S:CL P:0 V:14272 D:999 St:4 Tp:18 ZC:1702 SYN Miss:0 B:101 DC1:999 IO:3400/3000/3000 IC:1351/66/16255/14910 TpHR:1439 ZcI:24 ZcIHR:1248 PZcI:16 ICph:1 Frc:1 eRPM:11764 D%:99,CL,0,14272,999,4,18,1702,1,0,1,0,1,999,13312,12288,12288,1351,66,16255,14910,1439,24,1248,16,1,1,11764,99,,105,3,1342,1234,7.8,0.2
1773553149591,6.147,S:CL P:0 V:14272 D:999 St:2 Tp:18 ZC:1803 SYN Miss:0 B:110 DC1:999 IO:0000/3400/3000 IC:1457/71/17593/16142 TpHR:1485 ZcI:20 ZcIHR:1248 PZcI:20 ICph:2 Frc:0 eRPM:11764 D%:99,CL,0,14272,999,2,18,1803,1,0,1,1,0,999,0,13312,12288,1457,71,17593,16142,1485,20,1248,20,2,0,11764,99,,106,5,1338,1232,7.9,0.4
1773553149691,6.246,S:CL P:0 V:14240 D:999 St:5 Tp:17 ZC:1904 SYN Miss:0 B:011 DC1:999 IO:3400/0000/3400 IC:1562/74/18940/17382 TpHR:1467 ZcI:17 ZcIHR:1326 PZcI:23 ICph:2 Frc:0 eRPM:11764 D%:99,CL,0,14240,999,5,17,1904,1,0,0,1,1,999,13312,0,13312,1562,74,18940,17382,1467,17,1326,23,2,0,11764,99,,105,3,1347,1240,7.8,0.2
1773553149790,6.346,S:CL P:0 V:14256 D:999 St:2 Tp:18 ZC:2006 SYN Miss:0 B:100 DC1:999 IO:0000/3400/0000 IC:1667/78/20275/18611 TpHR:1487 ZcI:20 ZcIHR:1249 PZcI:16 ICph:2 Frc:1 eRPM:11764 D%:99,CL,0,14256,999,2,18,2006,1,0,1,0,0,999,0,13312,0,1667,78,20275,18611,1487,20,1249,16,2,1,11764,99,,105,4,1335,1229,7.9,0.3
1773553149890,6.445,S:CL P:0 V:14208 D:999 St:5 Tp:17 ZC:2105 SYN Miss:0 B:101 DC1:999 IO:3400/0000/3400 IC:1772/83/21610/19847 TpHR:1470 ZcI:16 ZcIHR:1798 PZcI:23 ICph:3 Frc:1 eRPM:11764 D%:99,CL,0,14208,999,5,17,2105,1,0,1,0,1,999,13312,0,13312,1772,83,21610,19847,1470,16,1798,23,3,1,11764,99,,105,5,1335,1236,7.9,0.4
1773553149989,6.545,S:CL P:0 V:14272 D:999 St:2 Tp:18 ZC:2208 SYN Miss:0 B:111 DC1:999 IO:0000/3400/0000 IC:1877/86/22947/21077 TpHR:1487 ZcI:20 ZcIHR:1249 PZcI:16 ICph:3 Frc:1 eRPM:11764 D%:99,CL,0,14272,999,2,18,2208,1,0,1,1,1,999,0,13312,0,1877,86,22947,21077,1487,20,1249,16,3,1,11764,99,,105,3,1337,1230,7.9,0.2
1773553150089,6.644,S:CL P:32 V:14272 D:999 St:0 Tp:17 ZC:2310 SYN Miss:0 B:111 DC1:999 IO:3000/0000/3400 IC:1983/89/24293/22318 TpHR:1509 ZcI:17 ZcIHR:1788 PZcI:23 ICph:2 Frc:0 eRPM:11764 D%:99,CL,32,14272,999,0,17,2310,1,0,1,1,1,999,12288,0,13312,1983,89,24293,22318,1509,17,1788,23,2,0,11764,99,,106,3,1346,1241,7.9,0.2
1773553150188,6.744,S:CL P:48 V:14272 D:999 St:2 Tp:18 ZC:2412 SYN Miss:0 B:101 DC1:999 IO:0000/3400/0000 IC:2087/92/25629/23546 TpHR:1452 ZcI:16 ZcIHR:1249 PZcI:16 ICph:2 Frc:1 eRPM:11764 D%:99,CL,48,14272,999,2,18,2412,1,0,1,0,1,999,0,13312,0,2087,92,25629,23546,1452,16,1249,16,2,1,11764,99,,104,3,1336,1228,7.8,0.2
1773553150288,6.844,S:CL P:832 V:14272 D:999 St:0 Tp:17 ZC:2512 SYN Miss:0 B:110 DC1:999 IO:3000/0000/3400 IC:2193/97/26972/24781 TpHR:1500 ZcI:22 ZcIHR:1172 PZcI:15 ICph:3 Frc:1 eRPM:11764 D%:99,CL,832,14272,999,0,17,2512,1,0,1,1,0,999,12288,0,13312,2193,97,26972,24781,1500,22,1172,15,3,1,11764,99,,106,5,1343,1235,7.9,0.4
1773553150388,6.943,S:CL P:864 V:14272 D:999 St:4 Tp:18 ZC:2612 SYN Miss:0 B:110 DC1:999 IO:3000/3000/0000 IC:2298/102/28305/26016 TpHR:1448 ZcI:16 ZcIHR:1877 PZcI:24 ICph:3 Frc:1 eRPM:11764 D%:99,CL,864,14272,999,4,18,2612,1,0,1,1,0,999,12288,12288,0,2298,102,28305,26016,1448,16,1877,24,3,1,11764,99,,105,5,1333,1235,7.9,0.4
1773553150488,7.043,S:CL P:2000 V:14272 D:999 St:0 Tp:17 ZC:2715 SYN Miss:0 B:110 DC1:1014 IO:0000/3000/3000 IC:2403/105/29654/27253 TpHR:1505 ZcI:15 ZcIHR:1172 PZcI:20 ICph:2 Frc:0 eRPM:11764 D%:105,CL,2000,14272,999,0,17,2715,1,0,1,1,0,1014,0,12288,12288,2403,105,29654,27253,1505,15,1172,20,2,0,11764,105,,105,3,1349,1237,7.8,0.2
1773553150587,7.143,S:CL P:3232 V:14272 D:1173 St:3 Tp:15 ZC:2831 SYN Miss:0 B:101 DC1:1173 IO:3400/0000/3000 IC:2521/106/31011/28493 TpHR:1253 ZcI:16 ZcIHR:1486 PZcI:19 ICph:2 Frc:1 eRPM:14285 D%:117,CL,3232,14272,1173,3,15,2831,1,0,1,0,1,1173,13312,0,12288,2521,106,31011,28493,1253,16,1486,19,2,1,14285,117,,118,1,1357,1240,8.7,0.1
1773553150687,7.242,S:CL P:3616 V:14256 D:1228 St:3 Tp:14 ZC:2956 SYN Miss:0 B:101 DC1:1232 IO:3400/3000/3000 IC:2647/106/32480/29837 TpHR:1196 ZcI:15 ZcIHR:1408 PZcI:18 ICph:2 Frc:1 eRPM:15384 D%:123,CL,3616,14256,1228,3,14,2956,1,0,1,0,1,1232,13312,12288,12288,2647,106,32480,29837,1196,15,1408,18,2,1,15384,123,,126,0,1469,1344,8.6,0.0
1773553150786,7.342,S:CL P:3664 V:14240 D:1237 St:2 Tp:14 ZC:3087 SYN Miss:0 B:111 DC1:1239 IO:3000/3400/0000 IC:2778/106/33956/31182 TpHR:1171 ZcI:19 ZcIHR:1014 PZcI:13 ICph:2 Frc:1 eRPM:14285 D%:123,CL,3664,14240,1237,2,14,3087,1,0,1,1,1,1239,12288,13312,0,2778,106,33956,31182,1171,19,1014,13,2,1,14285,123,,131,0,1476,1345,8.9,0.0
1773553150886,7.442,S:CL P:3664 V:14256 D:1237 St:0 Tp:14 ZC:3218 SYN Miss:0 B:010 DC1:1237 IO:0000/3400/0000 IC:2909/106/35432/32529 TpHR:1180 ZcI:13 ZcIHR:1486 PZcI:19 ICph:2 Frc:0 eRPM:15384 D%:123,CL,3664,14256,1237,0,14,3218,1,0,0,1,0,1237,0,13312,0,2909,106,35432,32529,1180,13,1486,19,2,0,15384,123,,131,0,1476,1347,8.9,0.0
1773553150986,7.541,S:CL P:3808 V:14224 D:1260 St:0 Tp:13 ZC:3349 SYN Miss:0 B:110 DC1:1257 IO:0000/3400/3000 IC:3040/106/36908/33871 TpHR:1178 ZcI:17 ZcIHR:936 PZcI:12 ICph:2 Frc:1 eRPM:15384 D%:126,CL,3808,14224,1260,0,13,3349,1,0,1,1,0,1257,0,13312,12288,3040,106,36908,33871,1178,17,936,12,2,1,15384,126,,131,0,1476,1342,8.9,0.0
1773553151085,7.641,S:CL P:4608 V:14272 D:1369 St:2 Tp:12 ZC:3489 SYN Miss:0 B:100 DC1:1369 IO:3000/3000/0000 IC:3181/106/38409/35232 TpHR:1076 ZcI:12 ZcIHR:1174 PZcI:12 ICph:2 Frc:1 eRPM:16666 D%:137,CL,4608,14272,1369,2,12,3489,1,0,1,0,0,1369,12288,12288,0,3181,106,38409,35232,1076,12,1174,12,2,1,16666,137,,141,0,1501,1361,9.4,0.0
1773553151185,7.74,S:CL P:4624 V:14272 D:1371 St:4 Tp:12 ZC:3635 SYN Miss:0 B:011 DC1:1369 IO:3400/0000/3400 IC:3327/106/39971/36648 TpHR:1078 ZcI:12 ZcIHR:858 PZcI:14 ICph:3 Frc:1 eRPM:16666 D%:137,CL,4624,14272,1371,4,12,3635,1,0,0,1,1,1369,13312,0,13312,3327,106,39971,36648,1078,12,858,14,3,1,16666,137,,146,0,1562,1416,9.3,0.0
1773553151284,7.84,S:CL P:4896 V:14240 D:1407 St:0 Tp:12 ZC:3782 SYN Miss:0 B:011 DC1:1410 IO:0000/3400/0000 IC:3473/106/41530/38064 TpHR:1027 ZcI:16 ZcIHR:936 PZcI:12 ICph:2 Frc:1 eRPM:16666 D%:141,CL,4896,14240,1407,0,12,3782,1,0,0,1,1,1410,0,13312,0,3473,106,41530,38064,1027,16,936,12,2,1,16666,141,,146,0,1559,1416,9.4,0.0
1773553151384,7.94,S:CL P:4928 V:14224 D:1414 St:0 Tp:12 ZC:3932 SYN Miss:0 B:010 DC1:1412 IO:0000/3400/0000 IC:3624/106/43080/39460 TpHR:1017 ZcI:16 ZcIHR:1014 PZcI:14 ICph:2 Frc:1 eRPM:16666 D%:141,CL,4928,14224,1414,0,12,3932,1,0,0,1,0,1412,0,13312,0,3624,106,43080,39460,1017,16,1014,14,2,1,16666,141,,151,0,1550,1396,9.7,0.0
1773553151484,8.039,S:CL P:4928 V:14272 D:1412 St:1 Tp:12 ZC:4082 SYN Miss:0 B:010 DC1:1412 IO:3000/3400/0000 IC:3774/106/44630/40860 TpHR:1022 ZcI:14 ZcIHR:1017 PZcI:13 ICph:2 Frc:1 eRPM:16666 D%:141,CL,4928,14272,1412,1,12,4082,1,0,0,1,0,1412,12288,13312,0,3774,106,44630,40860,1022,14,1017,13,2,1,16666,141,,150,0,1550,1400,9.7,0.0
1773553151583,8.139,S:CL P:4928 V:14256 D:1414 St:1 Tp:12 ZC:4233 SYN Miss:0 B:101 DC1:1412 IO:3000/3000/0000 IC:3925/106/46177/42257 TpHR:1024 ZcI:13 ZcIHR:783 PZcI:10 ICph:1 Frc:1 eRPM:16666 D%:141,CL,4928,14256,1414,1,12,4233,1,0,1,0,1,1412,12288,12288,0,3925,106,46177,42257,1024,13,783,10,1,1,16666,141,,151,0,1547,1397,9.8,0.0
1773553151683,8.238,S:CL P:5376 V:14224 D:1478 St:2 Tp:12 ZC:4384 SYN Miss:0 B:101 DC1:1482 IO:3400/0000/3400 IC:4076/106/47724/43652 TpHR:1006 ZcI:9 ZcIHR:1087 PZcI:14 ICph:2 Frc:1 eRPM:18181 D%:148,CL,5376,14224,1478,2,12,4384,1,0,1,0,1,1482,13312,0,13312,4076,106,47724,43652,1006,9,1087,14,2,1,18181,148,,151,0,1547,1395,9.8,0.0
1773553151782,8.338,S:CL P:5648 V:14256 D:1519 St:0 Tp:11 ZC:4544 SYN Miss:0 B:010 DC1:1519 IO:0000/3400/0000 IC:4236/106/49244/45012 TpHR:958 ZcI:13 ZcIHR:1017 PZcI:13 ICph:2 Frc:1 eRPM:18181 D%:152,CL,5648,14256,1519,0,11,4544,1,0,0,1,0,1519,0,13312,0,4236,106,49244,45012,958,13,1017,13,2,1,18181,152,,160,0,1520,1360,10.5,0.0
1773553151882,8.437,S:CL P:5696 V:14256 D:1521 St:5 Tp:11 ZC:4705 SYN Miss:0 B:110 DC1:1521 IO:0000/3400/0000 IC:4397/106/50760/46368 TpHR:943 ZcI:15 ZcIHR:857 PZcI:13 ICph:3 Frc:0 eRPM:18181 D%:152,CL,5696,14256,1521,5,11,4705,1,0,1,1,0,1521,0,13312,0,4397,106,50760,46368,943,15,857,13,3,0,18181,152,,161,0,1516,1356,10.6,0.0
1773553151981,8.537,S:CL P:5696 V:14272 D:1525 St:5 Tp:11 ZC:4867 SYN Miss:0 B:110 DC1:1521 IO:0000/3400/0000 IC:4559/106/52275/47720 TpHR:958 ZcI:13 ZcIHR:936 PZcI:12 ICph:1 Frc:1 eRPM:18181 D%:152,CL,5696,14272,1525,5,11,4867,1,0,1,1,0,1521,0,13312,0,4559,106,52275,47720,958,13,936,12,1,1,18181,152,,162,0,1515,1352,10.7,0.0
1773553152081,8.637,S:CL P:6496 V:14208 D:1639 St:4 Tp:10 ZC:5034 SYN Miss:0 B:111 DC1:1639 IO:0000/3400/3000 IC:4727/106/53828/49106 TpHR:875 ZcI:12 ZcIHR:857 PZcI:13 ICph:1 Frc:1 eRPM:20000 D%:164,CL,6496,14208,1639,4,10,5034,1,0,1,1,1,1639,0,13312,12288,4727,106,53828,49106,875,12,857,13,1,1,20000,164,,168,0,1553,1386,10.8,0.0
1773553152181,8.736,S:CL P:6544 V:14272 D:1643 St:0 Tp:10 ZC:5210 SYN Miss:0 B:010 DC1:1641 IO:3000/3000/3000 IC:4903/106/55476/50578 TpHR:891 ZcI:12 ZcIHR:936 PZcI:12 ICph:1 Frc:1 eRPM:20000 D%:164,CL,6544,14272,1643,0,10,5210,1,0,0,1,0,1641,12288,12288,12288,4903,106,55476,50578,891,12,936,12,1,1,20000,164,,176,0,1648,1472,10.7,0.0
1773553152280,8.836,S:CL P:6560 V:14224 D:1646 St:3 Tp:10 ZC:5387 SYN Miss:0 B:001 DC1:1648 IO:3000/3000/3000 IC:5080/106/57122/52047 TpHR:873 ZcI:11 ZcIHR:861 PZcI:12 ICph:1 Frc:1 eRPM:20000 D%:165,CL,6560,14224,1646,3,10,5387,1,0,0,0,1,1648,12288,12288,12288,5080,106,57122,52047,873,11,861,12,1,1,20000,165,,177,0,1646,1469,10.8,0.0
1773553152380,8.935,S:CL P:7040 V:14224 D:1718 St:5 Tp:9 ZC:5569 SYN Miss:0 B:111 DC1:1734 IO:0000/3400/0000 IC:5262/106/58845/53589 TpHR:821 ZcI:10 ZcIHR:783 PZcI:11 ICph:2 Frc:1 eRPM:22222 D%:176,CL,7040,14224,1718,5,9,5569,1,0,1,1,1,1734,0,13312,0,5262,106,58845,53589,821,10,783,11,2,1,22222,176,,182,0,1723,1542,10.6,0.0
1773553152479,9.035,S:CL P:7472 V:14240 D:1775 St:0 Tp:9 ZC:5762 SYN Miss:0 B:011 DC1:1775 IO:3400/3000/3000 IC:5456/106/60653/55203 TpHR:811 ZcI:9 ZcIHR:780 PZcI:10 ICph:3 Frc:1 eRPM:22222 D%:177,CL,7472,14240,1775,0,9,5762,1,0,0,1,1,1775,13312,12288,12288,5456,106,60653,55203,811,9,780,10,3,1,22222,177,,194,0,1808,1614,10.7,0.0
1773553152579,9.135,S:CL P:7488 V:14208 D:1777 St:3 Tp:9 ZC:5957 SYN Miss:0 B:001 DC1:1780 IO:3000/3000/3000 IC:5651/106/62457/56813 TpHR:794 ZcI:11 ZcIHR:861 PZcI:11 ICph:2 Frc:1 eRPM:22222 D%:177,CL,7488,14208,1777,3,9,5957,1,0,0,0,1,1780,12288,12288,12288,5651,106,62457,56813,794,11,861,11,2,1,22222,177,,195,0,1804,1610,10.8,0.0
1773553152678,9.234,S:CL P:7504 V:14240 D:1775 St:0 Tp:9 ZC:6152 SYN Miss:0 B:010 DC1:1777 IO:3000/3000/3000 IC:5846/106/64262/58423 TpHR:801 ZcI:10 ZcIHR:701 PZcI:9 ICph:2 Frc:1 eRPM:22222 D%:177,CL,7504,14240,1775,0,9,6152,1,0,0,1,0,1777,12288,12288,12288,5846,106,64262,58423,801,10,701,9,2,1,22222,177,,195,0,1805,1610,10.8,0.0
1773553152778,9.333,S:CL P:7504 V:14224 D:1780 St:3 Tp:9 ZC:6347 SYN Miss:0 B:001 DC1:1777 IO:3000/3000/3000 IC:6040/106/531/60030 TpHR:788 ZcI:12 ZcIHR:858 PZcI:10 ICph:2 Frc:1 eRPM:22222 D%:177,CL,7504,14224,1780,3,9,6347,1,0,0,0,1,1777,12288,12288,12288,6040,106,531,60030,788,12,858,10,2,1,22222,177,,194,0,-63731,1607,,
1773553152877,9.433,S:CL P:8128 V:14240 D:1866 St:5 Tp:9 ZC:6547 SYN Miss:0 B:011 DC1:1866 IO:3000/3000/3000 IC:6241/106/2330/61629 TpHR:761 ZcI:9 ZcIHR:703 PZcI:10 ICph:2 Frc:0 eRPM:22222 D%:186,CL,8128,14240,1866,5,9,6547,1,0,0,1,1,1866,12288,12288,12288,6241,106,2330,61629,761,9,703,10,2,0,22222,186,,201,0,1799,1599,11.2,0.0
1773553152977,9.533,S:CL P:8144 V:14240 D:1864 St:5 Tp:9 ZC:6751 SYN Miss:0 B:010 DC1:1871 IO:3000/3000/3000 IC:6445/106/4126/63221 TpHR:774 ZcI:8 ZcIHR:705 PZcI:9 ICph:1 Frc:0 eRPM:22222 D%:186,CL,8144,14240,1864,5,9,6751,1,0,0,1,0,1871,12288,12288,12288,6445,106,4126,63221,774,8,705,9,1,0,22222,186,,204,0,1796,1592,11.4,0.0
1773553153077,9.632,S:CL P:8112 V:14240 D:1871 St:0 Tp:9 ZC:6955 SYN Miss:0 B:010 DC1:1868 IO:3000/3000/3000 IC:6650/106/5922/64813 TpHR:772 ZcI:11 ZcIHR:627 PZcI:11 ICph:2 Frc:1 eRPM:22222 D%:187,CL,8112,14240,1871,0,9,6955,1,0,0,1,0,1868,12288,12288,12288,6650,106,5922,64813,772,11,627,11,2,1,22222,187,,205,0,1796,1592,11.4,0.0
1773553153176,9.732,S:CL P:8128 V:14256 D:1866 St:0 Tp:8 ZC:7160 SYN Miss:0 B:100 DC1:1868 IO:3400/0000/3400 IC:6854/106/7717/867 TpHR:770 ZcI:9 ZcIHR:701 PZcI:11 ICph:2 Frc:1 eRPM:25000 D%:186,CL,8128,14256,1866,0,8,7160,1,0,1,0,0,1868,13312,0,13312,6854,106,7717,867,770,9,701,11,2,1,25000,186,,204,0,1795,-63946,11.4,0.0
1773553153276,9.831,S:CL P:8128 V:14272 D:1868 St:1 Tp:8 ZC:7364 SYN Miss:0 B:110 DC1:1871 IO:3400/0000/3400 IC:7059/106/9513/2459 TpHR:762 ZcI:10 ZcIHR:856 PZcI:9 ICph:1 Frc:1 eRPM:25000 D%:186,CL,8128,14272,1868,1,8,7364,1,0,1,1,0,1871,13312,0,13312,7059,106,9513,2459,762,10,856,9,1,1,25000,186,,205,0,1796,1592,11.4,0.0
1773553153375,9.931,S:CL P:8688 V:14208 D:1945 St:3 Tp:8 ZC:7571 SYN Miss:0 B:001 DC1:1950 IO:0000/3400/0000 IC:7266/106/11305/4045 TpHR:730 ZcI:10 ZcIHR:702 PZcI:9 ICph:1 Frc:1 eRPM:25000 D%:195,CL,8688,14208,1945,3,8,7571,1,0,0,0,1,1950,0,13312,0,7266,106,11305,4045,730,10,702,9,1,1,25000,195,,207,0,1792,1586,11.6,0.0
1773553153475,10.031,S:CL P:8720 V:14272 D:1952 St:0 Tp:8 ZC:7784 SYN Miss:0 B:100 DC1:1955 IO:3400/0000/3400 IC:7479/106/13093/5621 TpHR:739 ZcI:9 ZcIHR:861 PZcI:9 ICph:1 Frc:1 eRPM:25000 D%:195,CL,8720,14272,1952,0,8,7784,1,0,1,0,0,1955,13312,0,13312,7479,106,13093,5621,739,9,861,9,1,1,25000,195,,213,0,1788,1576,11.9,0.0
1773553153575,10.13,S:CL P:8736 V:14208 D:1955 St:3 Tp:8 ZC:7997 SYN Miss:0 B:100 DC1:1955 IO:0000/3400/0000 IC:7692/106/14880/7195 TpHR:730 ZcI:10 ZcIHR:705 PZcI:9 ICph:2 Frc:1 eRPM:25000 D%:195,CL,8736,14208,1955,3,8,7997,1,0,1,0,0,1955,0,13312,0,7692,106,14880,7195,730,10,705,9,2,1,25000,195,,213,0,1787,1574,11.9,0.0
1773553153674,10.23,S:CL P:8832 V:14272 D:1968 St:1 Tp:8 ZC:8210 SYN Miss:0 B:111 DC1:1966 IO:3400/0000/3400 IC:7906/107/16666/8767 TpHR:725 ZcI:10 ZcIHR:780 PZcI:9 ICph:2 Frc:1 eRPM:25000 D%:196,CL,8832,14272,1968,1,8,8210,1,0,1,1,1,1966,13312,0,13312,7906,107,16666,8767,725,10,780,9,2,1,25000,196,,214,1,1786,1572,12.0,0.1
1773553153774,10.33,S:CL P:9312 V:14208 D:2039 St:1 Tp:8 ZC:8424 SYN Miss:0 B:101 DC1:2041 IO:3000/3000/3000 IC:8122/109/18449/10333 TpHR:691 ZcI:10 ZcIHR:779 PZcI:10 ICph:2 Frc:1 eRPM:25000 D%:204,CL,9312,14208,2039,1,8,8424,1,0,1,0,1,2041,12288,12288,12288,8122,109,18449,10333,691,10,779,10,2,1,25000,204,,216,2,1783,1566,12.1,0.1
1773553153873,10.429,S:CL P:9408 V:14224 D:2050 St:2 Tp:8 ZC:8643 SYN Miss:0 B:101 DC1:2050 IO:0000/3400/0000 IC:8345/113/20226/11887 TpHR:707 ZcI:9 ZcIHR:702 PZcI:9 ICph:2 Frc:1 eRPM:25000 D%:205,CL,9408,14224,2050,2,8,8643,1,0,1,0,1,2050,0,13312,0,8345,113,20226,11887,707,9,702,9,2,1,25000,205,,223,4,1777,1554,12.5,0.2
1773553153973,10.529,S:CL P:9424 V:14224 D:2048 St:4 Tp:8 ZC:8864 SYN Miss:0 B:000 DC1:2050 IO:0000/3400/0000 IC:8569/116/22003/13439 TpHR:709 ZcI:8 ZcIHR:703 PZcI:10 ICph:2 Frc:1 eRPM:25000 D%:205,CL,9424,14224,2048,4,8,8864,1,0,0,0,0,2050,0,13312,0,8569,116,22003,13439,709,8,703,10,2,1,25000,205,,224,3,1777,1552,12.6,0.2
1773553154073,10.628,S:CL P:9424 V:14256 D:2050 St:5 Tp:8 ZC:9087 SYN Miss:0 B:110 DC1:2050 IO:3400/3000/3000 IC:8792/116/23779/14993 TpHR:696 ZcI:8 ZcIHR:705 PZcI:9 ICph:2 Frc:0 eRPM:25000 D%:205,CL,9424,14256,2050,5,8,9087,1,0,1,1,0,2050,13312,12288,12288,8792,116,23779,14993,696,8,705,9,2,0,25000,205,,223,0,1776,1554,12.6,0.0
1773553154172,10.728,S:CL P:9408 V:14256 D:2050 St:0 Tp:8 ZC:9308 SYN Miss:0 B:110 DC1:2050 IO:3400/0000/3400 IC:9016/118/25556/16547 TpHR:680 ZcI:10 ZcIHR:705 PZcI:9 ICph:2 Frc:1 eRPM:25000 D%:204,CL,9408,14256,2050,0,8,9308,1,0,1,1,0,2050,13312,0,13312,9016,118,25556,16547,680,10,705,9,2,1,25000,204,,224,2,1777,1554,12.6,0.1
1773553154272,10.828,S:CL P:9424 V:14224 D:2050 St:2 Tp:8 ZC:9532 SYN Miss:0 B:111 DC1:2050 IO:3000/3000/3000 IC:9239/118/27332/18099 TpHR:688 ZcI:10 ZcIHR:627 PZcI:9 ICph:2 Frc:1 eRPM:25000 D%:205,CL,9424,14224,2050,2,8,9532,1,0,1,1,1,2050,12288,12288,12288,9239,118,27332,18099,688,10,627,9,2,1,25000,205,,223,0,1776,1552,12.6,0.0
1773553154371,10.927,S:CL P:9440 V:14208 D:2055 St:3 Tp:8 ZC:9755 SYN Miss:0 B:001 DC1:2057 IO:0000/3400/0000 IC:9462/119/29109/19653 TpHR:701 ZcI:9 ZcIHR:623 PZcI:8 ICph:1 Frc:1 eRPM:25000 D%:205,CL,9440,14208,2055,3,8,9755,1,0,0,0,1,2057,0,13312,0,9462,119,29109,19653,701,9,623,8,1,1,25000,205,,223,1,1777,1554,12.5,0.1
1773553154471,11.027,S:CL P:9584 V:14272 D:2075 St:0 Tp:8 ZC:9977 SYN Miss:0 B:110 DC1:2077 IO:3400/0000/3400 IC:9687/121/30884/21203 TpHR:682 ZcI:10 ZcIHR:704 PZcI:9 ICph:2 Frc:1 eRPM:25000 D%:207,CL,9584,14272,2075,0,8,9977,1,0,1,1,0,2077,13312,0,13312,9687,121,30884,21203,682,10,704,9,2,1,25000,207,,225,2,1775,1550,12.7,0.1
1773553154571,11.126,S:CL P:9824 V:14240 D:2107 St:5 Tp:8 ZC:10199 SYN Miss:0 B:110 DC1:2109 IO:3400/0000/3400 IC:9914/126/32659/22751 TpHR:668 ZcI:9 ZcIHR:623 PZcI:8 ICph:1 Frc:1 eRPM:25000 D%:211,CL,9824,14240,2107,5,8,10199,1,0,1,1,0,2109,13312,0,13312,9914,126,32659,22751,668,9,623,8,1,1,25000,211,,227,5,1775,1548,12.8,0.3
1773553154670,11.226,S:CL P:10560 V:14224 D:2213 St:5 Tp:8 ZC:10422 SYN Miss:0 B:100 DC1:2218 IO:3400/0000/3400 IC:10149/137/34427/24282 TpHR:640 ZcI:8 ZcIHR:627 PZcI:8 ICph:1 Frc:1 eRPM:25000 D%:222,CL,10560,14224,2213,5,8,10422,1,0,1,0,0,2218,13312,0,13312,10149,137,34427,24282,640,8,627,8,1,1,25000,222,,235,11,1768,1531,13.3,0.6
1773553154770,11.326,S:CL P:10736 V:14208 D:2236 St:1 Tp:8 ZC:10643 SYN Miss:0 B:101 DC1:2238 IO:3000/3000/3000 IC:10391/159/36185/25799 TpHR:659 ZcI:8 ZcIHR:1250 PZcI:8 ICph:3 Frc:2 eRPM:25000 D%:223,CL,10736,14208,2236,1,8,10643,1,0,1,0,1,2238,12288,12288,12288,10391,159,36185,25799,659,8,1250,8,3,2,25000,223,,242,22,1758,1517,13.8,1.3
1773553154870,11.425,S:CL P:10720 V:14224 D:2236 St:3 Tp:8 ZC:10857 SYN Miss:0 B:111 DC1:2236 IO:3000/3000/3000 IC:10634/188/37942/27314 TpHR:660 ZcI:8 ZcIHR:623 PZcI:8 ICph:1 Frc:2 eRPM:25000 D%:223,CL,10720,14224,2236,3,8,10857,1,0,1,1,1,2236,12288,12288,12288,10634,188,37942,27314,660,8,623,8,1,2,25000,223,,243,29,1757,1515,13.8,1.7
1773553154969,11.525,S:CL P:10720 V:14208 D:2236 St:0 Tp:8 ZC:11075 SYN Miss:0 B:100 DC1:2236 IO:3000/3000/3000 IC:10876/212/39699/28828 TpHR:644 ZcI:9 ZcIHR:1172 PZcI:8 ICph:2 Frc:1 eRPM:25000 D%:223,CL,10720,14208,2236,0,8,11075,1,0,1,0,0,2236,12288,12288,12288,10876,212,39699,28828,644,9,1172,8,2,1,25000,223,,242,24,1757,1514,13.8,1.4
1773553155069,11.625,S:CL P:10736 V:14224 D:2236 St:3 Tp:8 ZC:11295 SYN Miss:0 B:010 DC1:2236 IO:0000/3400/0000 IC:11119/236/41457/30342 TpHR:647 ZcI:8 ZcIHR:1250 PZcI:9 ICph:2 Frc:1 eRPM:25000 D%:223,CL,10736,14224,2236,3,8,11295,1,0,0,1,0,2236,0,13312,0,11119,236,41457,30342,647,8,1250,9,2,1,25000,223,,243,24,1758,1514,13.8,1.4
1773553155169,11.724,S:CL P:10736 V:14240 D:2236 St:0 Tp:8 ZC:11515 SYN Miss:0 B:100 DC1:2238 IO:3400/0000/3400 IC:11362/258/43214/31858 TpHR:644 ZcI:9 ZcIHR:705 PZcI:15 ICph:3 Frc:1 eRPM:25000 D%:223,CL,10736,14240,2236,0,8,11515,1,0,1,0,0,2238,13312,0,13312,11362,258,43214,31858,644,9,705,15,3,1,25000,223,,243,22,1757,1516,13.8,1.3
1773553155268,11.824,S:CL P:10736 V:14224 D:2243 St:2 Tp:8 ZC:11731 SYN Miss:0 B:111 DC1:2243 IO:0000/3400/0000 IC:11604/284/44971/33372 TpHR:645 ZcI:9 ZcIHR:1250 PZcI:9 ICph:2 Frc:1 eRPM:25000 D%:224,CL,10736,14224,2243,2,8,11731,1,0,1,1,1,2243,0,13312,0,11604,284,44971,33372,645,9,1250,9,2,1,25000,224,,242,26,1757,1514,13.8,1.5
1773553155368,11.923,S:CL P:11408 V:14224 D:2336 St:3 Tp:8 ZC:11937 SYN Miss:0 B:010 DC1:2341 IO:3000/3000/3000 IC:11852/327/46724/34878 TpHR:639 ZcI:15 ZcIHR:623 PZcI:8 ICph:2 Frc:1 eRPM:25000 D%:234,CL,11408,14224,2336,3,8,11937,1,0,0,1,0,2341,12288,12288,12288,11852,327,46724,34878,639,15,623,8,2,1,25000,234,,248,43,1753,1506,14.1,2.5
1773553155467,12.023,S:CL P:11472 V:14224 D:2347 St:4 Tp:8 ZC:12135 SYN Miss:0 B:010 DC1:2345 IO:3400/0000/3400 IC:12105/382/48472/36370 TpHR:626 ZcI:8 ZcIHR:1176 PZcI:8 ICph:2 Frc:1 eRPM:25000 D%:234,CL,11472,14224,2347,4,8,12135,1,0,0,1,0,2345,13312,0,13312,12105,382,48472,36370,626,8,1176,8,2,1,25000,234,,253,55,1748,1492,14.5,3.1
1773553155567,12.123,S:CL P:11472 V:14240 D:2343 St:0 Tp:8 ZC:12332 SYN Miss:0 B:100 DC1:2347 IO:3000/3000/3000 IC:12359/438/50217/37863 TpHR:649 ZcI:15 ZcIHR:623 PZcI:15 ICph:2 Frc:1 eRPM:25000 D%:234,CL,11472,14240,2343,0,8,12332,1,0,1,0,0,2347,12288,12288,12288,12359,438,50217,37863,649,15,623,15,2,1,25000,234,,254,56,1745,1493,14.6,3.2
1773553155666,12.222,S:CL P:11536 V:14240 D:2350 St:2 Tp:8 ZC:12528 SYN Miss:0 B:111 DC1:2347 IO:0000/3400/0000 IC:12613/496/51963/39356 TpHR:649 ZcI:8 ZcIHR:1172 PZcI:9 ICph:2 Frc:1 eRPM:25000 D%:234,CL,11536,14240,2350,2,8,12528,1,0,1,1,1,2347,0,13312,0,12613,496,51963,39356,649,8,1172,9,2,1,25000,234,,254,58,1746,1493,14.5,3.3
1773553155766,12.322,S:CL P:11504 V:14208 D:2347 St:4 Tp:8 ZC:12726 SYN Miss:0 B:011 DC1:2347 IO:3000/0000/3400 IC:12867/552/53709/40848 TpHR:642 ZcI:15 ZcIHR:627 PZcI:8 ICph:2 Frc:1 eRPM:25000 D%:235,CL,11504,14208,2347,4,8,12726,1,0,0,1,1,2347,12288,0,13312,12867,552,53709,40848,642,15,627,8,2,1,25000,235,,254,56,1746,1492,14.5,3.2
1773553155866,12.421,S:CL P:11536 V:14224 D:2350 St:5 Tp:8 ZC:12923 SYN Miss:0 B:100 DC1:2345 IO:3400/0000/3400 IC:13120/610/55456/42340 TpHR:641 ZcI:8 ZcIHR:1172 PZcI:8 ICph:2 Frc:1 eRPM:25000 D%:235,CL,11536,14224,2350,5,8,12923,1,0,1,0,0,2345,13312,0,13312,13120,610,55456,42340,641,8,1172,8,2,1,25000,235,,253,58,1747,1492,14.5,3.3
1773553155965,12.521,S:CL P:11552 V:14224 D:2354 St:1 Tp:8 ZC:13118 SYN Miss:0 B:001 DC1:2363 IO:0000/3400/0000 IC:13374/668/57202/43832 TpHR:652 ZcI:15 ZcIHR:626 PZcI:16 ICph:3 Frc:1 eRPM:25000 D%:238,CL,11552,14224,2354,1,8,13118,1,0,0,0,1,2363,0,13312,0,13374,668,57202,43832,652,15,626,16,3,1,25000,238,,254,58,1746,1492,14.5,3.3
1773553156065,12.621,S:CL P:12304 V:14208 D:2461 St:4 Tp:8 ZC:13303 SYN Miss:0 B:010 DC1:2459 IO:3400/0000/3400 IC:13636/746/58940/45308 TpHR:623 ZcI:15 ZcIHR:1172 PZcI:15 ICph:2 Frc:0 eRPM:25000 D%:246,CL,12304,14208,2461,4,8,13303,1,0,0,1,0,2459,13312,0,13312,13636,746,58940,45308,623,15,1172,15,2,0,25000,246,,262,78,1738,1476,15.1,4.5
1773553156164,12.72,S:CL P:12304 V:14256 D:2456 St:5 Tp:8 ZC:13486 SYN Miss:0 B:101 DC1:2459 IO:3000/3000/3000 IC:13901/829/60675/46779 TpHR:623 ZcI:8 ZcIHR:623 PZcI:8 ICph:3 Frc:1 eRPM:25000 D%:246,CL,12304,14256,2456,5,8,13486,1,0,1,0,1,2459,12288,12288,12288,13901,829,60675,46779,623,8,623,8,3,1,25000,246,,265,83,1735,1471,15.3,4.8
1773553156264,12.82,S:CL P:12304 V:14192 D:2461 St:0 Tp:8 ZC:13668 SYN Miss:0 B:101 DC1:2461 IO:0000/3400/0000 IC:14166/911/62410/48249 TpHR:623 ZcI:8 ZcIHR:1172 PZcI:8 ICph:2 Frc:1 eRPM:25000 D%:246,CL,12304,14192,2461,0,8,13668,1,0,1,0,1,2461,0,13312,0,14166,911,62410,48249,623,8,1172,8,2,1,25000,246,,265,82,1735,1470,15.3,4.7
1773553156364,12.919,S:CL P:12320 V:14224 D:2463 St:1 Tp:8 ZC:13851 SYN Miss:0 B:100 DC1:2463 IO:0000/3400/0000 IC:14431/992/64145/49719 TpHR:624 ZcI:8 ZcIHR:627 PZcI:8 ICph:3 Frc:1 eRPM:25000 D%:246,CL,12320,14224,2463,1,8,13851,1,0,1,0,0,2463,0,13312,0,14431,992,64145,49719,624,8,627,8,3,1,25000,246,,265,81,1735,1470,15.3,4.7
1773553156463,13.019,S:CL P:12320 V:14256 D:2461 St:2 Tp:8 ZC:14033 SYN Miss:0 B:111 DC1:2463 IO:3000/3000/3000 IC:14696/1076/345/51187 TpHR:623 ZcI:8 ZcIHR:626 PZcI:8 ICph:2 Frc:2 eRPM:25000 D%:246,CL,12320,14256,2461,2,8,14033,1,0,1,1,1,2463,12288,12288,12288,14696,1076,345,51187,623,8,626,8,2,2,25000,246,,265,84,-63800,1468,,
1773553156563,13.118,S:CL P:12304 V:14240 D:2461 St:4 Tp:8 ZC:14218 SYN Miss:0 B:000 DC1:2461 IO:3400/0000/3400 IC:14961/1156/2080/52658 TpHR:623 ZcI:8 ZcIHR:1097 PZcI:14 ICph:2 Frc:2 eRPM:25000 D%:246,CL,12304,14240,2461,4,8,14218,1,0,0,0,0,2461,13312,0,13312,14961,1156,2080,52658,623,8,1097,14,2,2,25000,246,,265,80,1735,1471,15.3,4.6
1773553156662,13.218,S:CL P:12336 V:14176 D:2463 St:5 Tp:8 ZC:14402 SYN Miss:0 B:100 DC1:2463 IO:3400/0000/3400 IC:15226/1237/3815/54128 TpHR:623 ZcI:8 ZcIHR:1094 PZcI:8 ICph:2 Frc:2 eRPM:25000 D%:246,CL,12336,14176,2463,5,8,14402,1,0,1,0,0,2463,13312,0,13312,15226,1237,3815,54128,623,8,1094,8,2,2,25000,246,,265,81,1735,1470,15.3,4.7
1773553156762,13.318,S:CL P:13536 V:14240 D:2636 St:0 Tp:8 ZC:14576 SYN Miss:0 B:101 DC1:2639 IO:0000/3400/0000 IC:15498/1338/5543/55584 TpHR:628 ZcI:13 ZcIHR:1172 PZcI:14 ICph:3 Frc:2 eRPM:25000 D%:264,CL,13536,14240,2636,0,8,14576,1,0,1,0,1,2639,0,13312,0,15498,1338,5543,55584,628,13,1172,14,3,2,25000,264,,272,101,1728,1456,15.7,5.8
1773553156862,13.417,S:CL P:13632 V:14240 D:2654 St:2 Tp:8 ZC:14725 SYN Miss:0 B:011 DC1:2654 IO:3000/3000/3000 IC:15783/1472/7260/57016 TpHR:623 ZcI:14 ZcIHR:1094 PZcI:14 ICph:2 Frc:2 eRPM:25000 D%:264,CL,13632,14240,2654,2,8,14725,1,0,0,1,1,2654,12288,12288,12288,15783,1472,7260,57016,623,14,1094,14,2,2,25000,264,,285,134,1717,1432,16.6,7.8
1773553156961,13.517,S:CL P:13648 V:14208 D:2654 St:5 Tp:8 ZC:14881 SYN Miss:0 B:101 DC1:2654 IO:3000/3000/3000 IC:16067/1600/8974/58446 TpHR:624 ZcI:14 ZcIHR:1091 PZcI:14 ICph:3 Frc:2 eRPM:25000 D%:264,CL,13648,14208,2654,5,8,14881,1,0,1,0,1,2654,12288,12288,12288,16067,1600,8974,58446,624,14,1091,14,3,2,25000,264,,284,128,1714,1430,16.6,7.5
1773553157061,13.617,S:CL P:13632 V:14240 D:2649 St:1 Tp:8 ZC:15035 SYN Miss:0 B:111 DC1:2654 IO:0000/3000/3000 IC:16352/1732/10689/59878 TpHR:623 ZcI:15 ZcIHR:1019 PZcI:13 ICph:3 Frc:2 eRPM:25000 D%:264,CL,13632,14240,2649,1,8,15035,1,0,1,1,1,2654,0,12288,12288,16352,1732,10689,59878,623,15,1019,13,3,2,25000,264,,285,132,1715,1432,16.6,7.7
1773553157160,13.716,S:CL P:13632 V:14208 D:2649 St:4 Tp:8 ZC:15194 SYN Miss:0 B:100 DC1:2652 IO:3400/0000/3000 IC:16637/1857/12405/61308 TpHR:624 ZcI:8 ZcIHR:625 PZcI:8 ICph:2 Frc:1 eRPM:25000 D%:265,CL,13632,14208,2649,4,8,15194,1,0,1,0,0,2652,13312,0,12288,16637,1857,12405,61308,624,8,625,8,2,1,25000,265,,285,125,1716,1430,16.6,7.3
1773553157260,13.816,S:CL P:13632 V:14240 D:2652 St:1 Tp:8 ZC:15348 SYN Miss:0 B:100 DC1:2649 IO:0000/3400/0000 IC:16921/1988/14120/62738 TpHR:623 ZcI:14 ZcIHR:627 PZcI:8 ICph:2 Frc:1 eRPM:25000 D%:265,CL,13632,14240,2652,1,8,15348,1,0,1,0,0,2649,0,13312,0,16921,1988,14120,62738,623,14,627,8,2,1,25000,265,,284,131,1715,1430,16.6,7.6
1773553157360,13.915,S:CL P:13728 V:14208 D:2665 St:3 Tp:8 ZC:15502 SYN Miss:0 B:110 DC1:2665 IO:3400/0000/3400 IC:17206/2120/15835/64170 TpHR:623 ZcI:14 ZcIHR:1090 PZcI:14 ICph:2 Frc:1 eRPM:25000 D%:266,CL,13728,14208,2665,3,8,15502,1,0,1,1,0,2665,13312,0,13312,17206,2120,15835,64170,623,14,1090,14,2,1,25000,266,,285,132,1715,1432,16.6,7.7
1773553157459,14.015,S:CL P:14144 V:14208 D:2727 St:2 Tp:8 ZC:15653 SYN Miss:0 B:010 DC1:2743 IO:3000/3000/3000 IC:17493/2254/17549/60 TpHR:623 ZcI:13 ZcIHR:1097 PZcI:13 ICph:2 Frc:2 eRPM:25000 D%:276,CL,14144,14208,2727,2,8,15653,1,0,0,1,0,2743,12288,12288,12288,17493,2254,17549,60,623,13,1097,13,2,2,25000,276,,287,134,1714,-64110,16.7,7.8
1773553157559,14.115,S:CL P:15120 V:14256 D:2865 St:2 Tp:11 ZC:15808 SYN Miss:0 B:010 DC1:2858 IO:3400/0000/3400 IC:17794/2401/19072/1275 TpHR:1076 ZcI:12 ZcIHR:1043 PZcI:13 ICph:2 Frc:1 eRPM:16666 D%:285,CL,15120,14256,2865,2,11,15808,1,0,0,1,0,2858,13312,0,13312,17794,2401,19072,1275,1076,12,1043,13,2,1,16666,285,,301,147,1523,1215,19.8,9.7
1773553157658,14.214,S:CL P:15104 V:14336 D:2861 St:5 Tp:8 ZC:15967 SYN Miss:0 B:100 DC1:2858 IO:3400/0000/3000 IC:18076/2521/19354/1275 TpHR:626 ZcI:9 ZcIHR:1216 PZcI:8 ICph:1 Frc:1 eRPM:25000 D%:286,CL,15104,14336,2861,5,8,15967,1,0,1,0,0,2858,13312,0,12288,18076,2521,19354,1275,626,9,1216,8,1,1,25000,286,,282,120,282,0,100.0,42.6
1773553157758,14.314,S:CL P:15120 V:14384 D:2858 St:5 Tp:8 ZC:16186 SYN Miss:0 B:010 DC1:2861 IO:3000/3000/0000 IC:18301/2527/19578/1275 TpHR:792 ZcI:10 ZcIHR:825 PZcI:9 ICph:1 Frc:1 eRPM:25000 D%:286,CL,15120,14384,2858,5,8,16186,1,0,0,1,0,2861,12288,12288,0,18301,2527,19578,1275,792,10,825,9,1,1,25000,286,,225,6,224,0,100.4,2.7
1773553157858,14.414,S:CL P:15104 V:14336 D:2858 St:0 Tp:10 ZC:16361 SYN Miss:0 B:010 DC1:2861 IO:0000/3400/0000 IC:18473/2527/19750/1275 TpHR:1042 ZcI:14 ZcIHR:1111 PZcI:13 ICph:3 Frc:1 eRPM:18181 D%:285,CL,15104,14336,2858,0,10,16361,1,0,0,1,0,2861,0,13312,0,18473,2527,19750,1275,1042,14,1111,13,3,1,18181,285,,172,0,172,0,100.0,0.0
1773553157957,14.513,S:CL P:15088 V:14336 D:2856 St:2 Tp:16 ZC:16489 SYN Miss:0 B:100 DC1:2861 IO:3000/3400/0000 IC:18599/2527/19876/1275 TpHR:1479 ZcI:18 ZcIHR:1604 PZcI:18 ICph:1 Frc:0 eRPM:11764 D%:285,CL,15088,14336,2856,2,16,16489,1,0,1,0,0,2861,12288,13312,0,18599,2527,19876,1275,1479,18,1604,18,1,0,11764,285,,126,0,126,0,100.0,0.0
1773553158057,14.613,S:CL P:15120 V:14304 D:2861 St:5 Tp:27 ZC:16575 SYN Miss:0 B:101 DC1:2856 IO:3400/3000/0000 IC:18684/2527/19960/1275 TpHR:2319 ZcI:30 ZcIHR:2237 PZcI:30 ICph:3 Frc:1 eRPM:7142 D%:285,CL,15120,14304,2861,5,27,16575,1,0,1,0,1,2856,13312,12288,0,18684,2527,19960,1275,2319,30,2237,30,3,1,7142,285,,85,0,84,0,101.2,0.0
1773553158157,14.712,S:CL P:15104 V:14336 D:2861 St:1 Tp:52 ZC:16624 SYN Miss:0 B:001 DC1:2858 IO:3400/3000/0000 IC:18732/2527/20007/1275 TpHR:4682 ZcI:53 ZcIHR:4217 PZcI:70 ICph:3 Frc:0 eRPM:3448 D%:285,CL,15104,14336,2861,1,52,16624,1,0,0,0,1,2858,13312,12288,0,18732,2527,20007,1275,4682,53,4217,70,3,0,3448,285,,48,0,47,0,102.1,0.0
1773553158256,14.812,S:CL P:15104 V:14304 D:999 St:4 Tp:63 ZC:33 SYN Miss:0 B:100 DC1:2699 IO:0000/3000/3400 IC:18743/2527/20018/1275 TpHR:6127 ZcI:673 ZcIHR:52578 PZcI:547 ICph:1 Frc:2 eRPM:3174 D%:285,CL,15104,14304,999,4,63,33,1,0,1,0,0,2699,0,12288,13312,18743,2527,20018,1275,6127,673,52578,547,1,2,3174,285,,11,0,11,0,100.0,0.0
1773553158356,14.911,S:CL P:15136 V:14304 D:999 St:4 Tp:63 ZC:1 --- Miss:0 B:100 DC1:999 IO:0000/3000/3400 IC:18746/2527/20021/1275 TpHR:6127 ZcI:673 ZcIHR:52578 PZcI:673 ICph:1 Frc:2 eRPM:3174 D%:99,CL,15136,14304,999,4,63,1,0,0,1,0,0,999,0,12288,13312,18746,2527,20021,1275,6127,673,52578,673,1,2,3174,99,,3,0,3,0,100.0,0.0
1773553158455,15.011,S:CL P:15296 V:14320 D:999 St:3 Tp:63 ZC:0 --- Miss:0 B:100 DC1:999 IO:0000/3000/3400 IC:18749/2527/20024/1275 TpHR:6127 ZcI:673 ZcIHR:52579 PZcI:673 ICph:1 Frc:2 eRPM:3174 D%:99,CL,15296,14320,999,3,63,0,0,0,1,0,0,999,0,12288,13312,18749,2527,20024,1275,6127,673,52579,673,1,2,3174,99,,3,0,3,0,100.0,0.0
1773553158555,15.11,S:CL P:15296 V:14320 D:999 St:3 Tp:63 ZC:0 --- Miss:5 B:100 DC1:999 IO:3000/0000/3400 IC:18752/2527/20027/1275 TpHR:6127 ZcI:673 ZcIHR:52578 PZcI:673 ICph:0 Frc:2 eRPM:3174 D%:99,CL,15296,14320,999,3,63,0,0,5,1,0,0,999,12288,0,13312,18752,2527,20027,1275,6127,673,52578,673,0,2,3174,99,,3,0,3,0,100.0,0.0
1773553158654,15.21,S:CL P:15296 V:14336 D:999 St:3 Tp:63 ZC:0 --- Miss:4 B:100 DC1:999 IO:3000/0000/3400 IC:18755/2527/20030/1275 TpHR:6127 ZcI:673 ZcIHR:52578 PZcI:673 ICph:1 Frc:2 eRPM:3174 D%:99,CL,15296,14336,999,3,63,0,0,4,1,0,0,999,12288,0,13312,18755,2527,20030,1275,6127,673,52578,673,1,2,3174,99,,3,0,3,0,100.0,0.0
1773553158754,15.309,S:CL P:15312 V:14320 D:999 St:3 Tp:63 ZC:0 --- Miss:4 B:100 DC1:999 IO:3400/0000/3400 IC:18758/2527/20033/1275 TpHR:6127 ZcI:673 ZcIHR:52578 PZcI:673 ICph:1 Frc:1 eRPM:3174 D%:99,CL,15312,14320,999,3,63,0,0,4,1,0,0,999,13312,0,13312,18758,2527,20033,1275,6127,673,52578,673,1,1,3174,99,,3,0,3,0,100.0,0.0
1773553158853,15.409,S:CL P:15312 V:14336 D:999 St:3 Tp:63 ZC:0 --- Miss:4 B:100 DC1:999 IO:3400/0000/3000 IC:18760/2527/20036/1275 TpHR:6127 ZcI:673 ZcIHR:52578 PZcI:673 ICph:1 Frc:1 eRPM:3174 D%:99,CL,15312,14336,999,3,63,0,0,4,1,0,0,999,13312,0,12288,18760,2527,20036,1275,6127,673,52578,673,1,1,3174,99,,2,0,3,0,66.7,0.0
1773553158953,15.508,S:CL P:15312 V:14304 D:999 St:3 Tp:63 ZC:0 --- Miss:4 B:100 DC1:999 IO:3400/0000/3000 IC:18763/2527/20038/1275 TpHR:6127 ZcI:673 ZcIHR:52578 PZcI:673 ICph:1 Frc:1 eRPM:3174 D%:99,CL,15312,14304,999,3,63,0,0,4,1,0,0,999,13312,0,12288,18763,2527,20038,1275,6127,673,52578,673,1,1,3174,99,,3,0,2,0,150.0,0.0
1773553159052,15.608,S:CL P:15280 V:14320 D:999 St:2 Tp:63 ZC:0 --- Miss:4 B:100 DC1:999 IO:3400/0000/3000 IC:18766/2527/20041/1275 TpHR:6127 ZcI:673 ZcIHR:52578 PZcI:673 ICph:1 Frc:1 eRPM:3174 D%:99,CL,15280,14320,999,2,63,0,0,4,1,0,0,999,13312,0,12288,18766,2527,20041,1275,6127,673,52578,673,1,1,3174,99,,3,0,3,0,100.0,0.0
1773553159152,15.708,S:CL P:15312 V:14336 D:999 St:2 Tp:63 ZC:0 --- Miss:4 B:100 DC1:999 IO:3400/0000/3000 IC:18769/2527/20044/1275 TpHR:6127 ZcI:673 ZcIHR:52578 PZcI:673 ICph:1 Frc:1 eRPM:3174 D%:99,CL,15312,14336,999,2,63,0,0,4,1,0,0,999,13312,0,12288,18769,2527,20044,1275,6127,673,52578,673,1,1,3174,99,,3,0,3,0,100.0,0.0
1773553159251,15.807,S:CL P:15296 V:14304 D:999 St:2 Tp:63 ZC:0 --- Miss:3 B:100 DC1:999 IO:3400/0000/3000 IC:18772/2527/20047/1275 TpHR:6127 ZcI:673 ZcIHR:52578 PZcI:673 ICph:1 Frc:1 eRPM:3174 D%:99,CL,15296,14304,999,2,63,0,0,3,1,0,0,999,13312,0,12288,18772,2527,20047,1275,6127,673,52578,673,1,1,3174,99,,3,0,3,0,100.0,0.0
1773553159351,15.907,S:CL P:15296 V:14320 D:999 St:2 Tp:63 ZC:0 --- Miss:3 B:100 DC1:999 IO:3400/0000/3000 IC:18775/2527/20050/1275 TpHR:6127 ZcI:673 ZcIHR:52578 PZcI:673 ICph:3 Frc:0 eRPM:3174 D%:99,CL,15296,14320,999,2,63,0,0,3,1,0,0,999,13312,0,12288,18775,2527,20050,1275,6127,673,52578,673,3,0,3174,99,,3,0,3,0,100.0,0.0
1773553159451,16.006,S:CL P:15280 V:14320 D:999 St:2 Tp:63 ZC:0 --- Miss:3 B:100 DC1:999 IO:3400/3000/3000 IC:18778/2527/20053/1275 TpHR:6127 ZcI:673 ZcIHR:52578 PZcI:673 ICph:0 Frc:0 eRPM:3174 D%:99,CL,15280,14320,999,2,63,0,0,3,1,0,0,999,13312,12288,12288,18778,2527,20053,1275,6127,673,52578,673,0,0,3174,99,,3,0,3,0,100.0,0.0
1773553159550,16.106,S:CL P:15296 V:14304 D:999 St:2 Tp:63 ZC:0 --- Miss:3 B:100 DC1:999 IO:3400/3000/0000 IC:18781/2527/20056/1275 TpHR:6127 ZcI:673 ZcIHR:52579 PZcI:673 ICph:1 Frc:6 eRPM:3174 D%:99,CL,15296,14304,999,2,63,0,0,3,1,0,0,999,13312,12288,0,18781,2527,20056,1275,6127,673,52579,673,1,6,3174,99,,3,0,3,0,100.0,0.0
1773553159650,16.205,S:CL P:15296 V:14320 D:999 St:2 Tp:63 ZC:0 --- Miss:3 B:100 DC1:999 IO:3400/3000/0000 IC:18784/2527/20059/1275 TpHR:6127 ZcI:673 ZcIHR:52578 PZcI:673 ICph:1 Frc:5 eRPM:3174 D%:99,CL,15296,14320,999,2,63,0,0,3,1,0,0,999,13312,12288,0,18784,2527,20059,1275,6127,673,52578,673,1,5,3174,99,,3,0,3,0,100.0,0.0
1773553159749,16.305,S:CL P:15296 V:14304 D:999 St:1 Tp:63 ZC:0 --- Miss:3 B:100 DC1:999 IO:3400/3000/0000 IC:18787/2527/20062/1275 TpHR:6127 ZcI:673 ZcIHR:52578 PZcI:673 ICph:1 Frc:5 eRPM:3174 D%:99,CL,15296,14304,999,1,63,0,0,3,1,0,0,999,13312,12288,0,18787,2527,20062,1275,6127,673,52578,673,1,5,3174,99,,3,0,3,0,100.0,0.0
1773553159849,16.404,S:CL P:15280 V:14304 D:999 St:1 Tp:63 ZC:0 --- Miss:3 B:100 DC1:999 IO:3400/3000/0000 IC:18790/2527/20065/1275 TpHR:6127 ZcI:673 ZcIHR:52578 PZcI:673 ICph:1 Frc:5 eRPM:3174 D%:99,CL,15280,14304,999,1,63,0,0,3,1,0,0,999,13312,12288,0,18790,2527,20065,1275,6127,673,52578,673,1,5,3174,99,,3,0,3,0,100.0,0.0
1773553159948,16.504,S:CL P:15296 V:14320 D:999 St:1 Tp:63 ZC:0 --- Miss:2 B:100 DC1:999 IO:3400/3000/0000 IC:18793/2527/20068/1275 TpHR:6127 ZcI:673 ZcIHR:52578 PZcI:673 ICph:1 Frc:5 eRPM:3174 D%:99,CL,15296,14320,999,1,63,0,0,2,1,0,0,999,13312,12288,0,18793,2527,20068,1275,6127,673,52578,673,1,5,3174,99,,3,0,3,0,100.0,0.0
1773553160048,16.604,S:CL P:15296 V:14304 D:999 St:1 Tp:63 ZC:0 --- Miss:2 B:100 DC1:999 IO:3400/3000/0000 IC:18796/2527/20071/1275 TpHR:6127 ZcI:673 ZcIHR:52578 PZcI:673 ICph:1 Frc:5 eRPM:3174 D%:99,CL,15296,14304,999,1,63,0,0,2,1,0,0,999,13312,12288,0,18796,2527,20071,1275,6127,673,52578,673,1,5,3174,99,,3,0,3,0,100.0,0.0
1773553160148,16.703,S:CL P:15296 V:14320 D:999 St:1 Tp:63 ZC:0 --- Miss:2 B:100 DC1:999 IO:3000/3400/0000 IC:18799/2527/20074/1275 TpHR:6127 ZcI:673 ZcIHR:52578 PZcI:673 ICph:0 Frc:5 eRPM:3174 D%:99,CL,15296,14320,999,1,63,0,0,2,1,0,0,999,12288,13312,0,18799,2527,20074,1275,6127,673,52578,673,0,5,3174,99,,3,0,3,0,100.0,0.0
1773553160247,16.803,S:CL P:15232 V:14320 D:999 St:1 Tp:63 ZC:0 --- Miss:2 B:100 DC1:999 IO:3000/3400/0000 IC:18802/2527/20077/1275 TpHR:6127 ZcI:673 ZcIHR:52578 PZcI:673 ICph:1 Frc:4 eRPM:3174 D%:99,CL,15232,14320,999,1,63,0,0,2,1,0,0,999,12288,13312,0,18802,2527,20077,1275,6127,673,52578,673,1,4,3174,99,,3,0,3,0,100.0,0.0
1773553160347,16.902,S:CL P:15264 V:14320 D:999 St:0 Tp:63 ZC:0 --- Miss:2 B:100 DC1:999 IO:3000/3400/0000 IC:18805/2527/20080/1275 TpHR:6127 ZcI:673 ZcIHR:52579 PZcI:673 ICph:1 Frc:4 eRPM:3174 D%:99,CL,15264,14320,999,0,63,0,0,2,1,0,0,999,12288,13312,0,18805,2527,20080,1275,6127,673,52579,673,1,4,3174,99,,3,0,3,0,100.0,0.0
1773553160446,17.002,S:CL P:15248 V:14352 D:999 St:0 Tp:63 ZC:0 --- Miss:2 B:100 DC1:999 IO:3000/3400/0000 IC:18808/2527/20083/1275 TpHR:6127 ZcI:673 ZcIHR:52578 PZcI:673 ICph:1 Frc:4 eRPM:3174 D%:99,CL,15248,14352,999,0,63,0,0,2,1,0,0,999,12288,13312,0,18808,2527,20083,1275,6127,673,52578,673,1,4,3174,99,,3,0,3,0,100.0,0.0
1773553160546,17.101,S:CL P:15200 V:14336 D:999 St:0 Tp:63 ZC:0 --- Miss:1 B:100 DC1:999 IO:3000/3400/0000 IC:18811/2527/20086/1275 TpHR:6127 ZcI:673 ZcIHR:52578 PZcI:673 ICph:1 Frc:4 eRPM:3174 D%:99,CL,15200,14336,999,0,63,0,0,1,1,0,0,999,12288,13312,0,18811,2527,20086,1275,6127,673,52578,673,1,4,3174,99,,3,0,3,0,100.0,0.0
1773553160645,17.201,S:CL P:13136 V:14320 D:999 St:0 Tp:63 ZC:0 --- Miss:1 B:100 DC1:999 IO:3000/3400/0000 IC:18814/2527/20089/1275 TpHR:6127 ZcI:673 ZcIHR:52578 PZcI:673 ICph:1 Frc:4 eRPM:3174 D%:99,CL,13136,14320,999,0,63,0,0,1,1,0,0,999,12288,13312,0,18814,2527,20089,1275,6127,673,52578,673,1,4,3174,99,,3,0,3,0,100.0,0.0
1773553160745,17.3,S:CL P:1328 V:14304 D:999 St:0 Tp:63 ZC:0 --- Miss:1 B:100 DC1:999 IO:0000/3400/0000 IC:18817/2527/20092/1275 TpHR:6127 ZcI:673 ZcIHR:52578 PZcI:673 ICph:1 Frc:4 eRPM:3174 D%:99,CL,1328,14304,999,0,63,0,0,1,1,0,0,999,0,13312,0,18817,2527,20092,1275,6127,673,52578,673,1,4,3174,99,,3,0,3,0,100.0,0.0
1773553160844,17.4,S:CL P:0 V:14304 D:999 St:0 Tp:63 ZC:0 --- Miss:1 B:100 DC1:999 IO:0000/3400/3000 IC:18820/2527/20095/1275 TpHR:6127 ZcI:673 ZcIHR:52578 PZcI:673 ICph:1 Frc:3 eRPM:3174 D%:99,CL,0,14304,999,0,63,0,0,1,1,0,0,999,0,13312,12288,18820,2527,20095,1275,6127,673,52578,673,1,3,3174,99,,3,0,3,0,100.0,0.0
1773553160944,17.499,S:CL P:0 V:14304 D:999 St:0 Tp:63 ZC:0 --- Miss:1 B:100 DC1:999 IO:0000/3400/3000 IC:18823/2527/20098/1275 TpHR:6127 ZcI:673 ZcIHR:52578 PZcI:673 ICph:1 Frc:3 eRPM:3174 D%:99,CL,0,14304,999,0,63,0,0,1,1,0,0,999,0,13312,12288,18823,2527,20098,1275,6127,673,52578,673,1,3,3174,99,,3,0,3,0,100.0,0.0
1773553161043,17.599,S:CL P:0 V:14288 D:999 St:5 Tp:63 ZC:0 --- Miss:1 B:100 DC1:999 IO:0000/3400/3000 IC:18826/2527/20101/1275 TpHR:6127 ZcI:673 ZcIHR:52578 PZcI:673 ICph:1 Frc:3 eRPM:3174 D%:99,CL,0,14288,999,5,63,0,0,1,1,0,0,999,0,13312,12288,18826,2527,20101,1275,6127,673,52578,673,1,3,3174,99,,3,0,3,0,100.0,0.0
1773553161143,17.699,S:CL P:0 V:14288 D:999 St:5 Tp:63 ZC:1 --- Miss:1 B:100 DC1:999 IO:0000/3400/3000 IC:18829/2527/20104/1275 TpHR:6127 ZcI:673 ZcIHR:52579 PZcI:673 ICph:1 Frc:3 eRPM:3174 D%:99,CL,0,14288,999,5,63,1,0,1,1,0,0,999,0,13312,12288,18829,2527,20104,1275,6127,673,52579,673,1,3,3174,99,,3,0,3,0,100.0,0.0
1773553161243,17.798,S:CL P:0 V:14288 D:999 St:5 Tp:63 ZC:1 --- Miss:0 B:100 DC1:999 IO:0000/3400/3000 IC:18832/2527/20107/1275 TpHR:6127 ZcI:673 ZcIHR:52578 PZcI:673 ICph:1 Frc:3 eRPM:3174 D%:99,CL,0,14288,999,5,63,1,0,0,1,0,0,999,0,13312,12288,18832,2527,20107,1275,6127,673,52578,673,1,3,3174,99,,3,0,3,0,100.0,0.0
1773553161342,17.898,S:CL P:0 V:14304 D:999 St:5 Tp:63 ZC:1 --- Miss:0 B:100 DC1:999 IO:0000/3400/3000 IC:18835/2527/20110/1275 TpHR:6127 ZcI:673 ZcIHR:52578 PZcI:673 ICph:1 Frc:3 eRPM:3174 D%:99,CL,0,14304,999,5,63,1,0,0,1,0,0,999,0,13312,12288,18835,2527,20110,1275,6127,673,52578,673,1,3,3174,99,,3,0,3,0,100.0,0.0
1773553161442,17.997,S:CL P:0 V:14320 D:999 St:5 Tp:63 ZC:1 --- Miss:0 B:100 DC1:999 IO:0000/3000/3400 IC:18838/2527/20113/1275 TpHR:6127 ZcI:673 ZcIHR:52578 PZcI:673 ICph:0 Frc:3 eRPM:3174 D%:99,CL,0,14320,999,5,63,1,0,0,1,0,0,999,0,12288,13312,18838,2527,20113,1275,6127,673,52578,673,0,3,3174,99,,3,0,3,0,100.0,0.0
1773553161541,18.097,S:CL P:0 V:14320 D:999 St:5 Tp:63 ZC:1 --- Miss:0 B:100 DC1:999 IO:0000/3000/3400 IC:18841/2527/20116/1275 TpHR:6127 ZcI:673 ZcIHR:52578 PZcI:673 ICph:1 Frc:2 eRPM:3174 D%:99,CL,0,14320,999,5,63,1,0,0,1,0,0,999,0,12288,13312,18841,2527,20116,1275,6127,673,52578,673,1,2,3174,99,,3,0,3,0,100.0,0.0
1773553161641,18.196,S:CL P:0 V:14304 D:999 St:4 Tp:63 ZC:1 --- Miss:0 B:100 DC1:999 IO:0000/3000/3400 IC:18844/2527/20119/1275 TpHR:6127 ZcI:673 ZcIHR:52578 PZcI:673 ICph:1 Frc:2 eRPM:3174 D%:99,CL,0,14304,999,4,63,1,0,0,1,0,0,999,0,12288,13312,18844,2527,20119,1275,6127,673,52578,673,1,2,3174,99,,3,0,3,0,100.0,0.0
